atm_id,latitude,longitude,h3_index,is_synthetic
ATM-0001,19.100836,72.915918,mock_h3_0,True
ATM-0002,19.069087,72.849441,mock_h3_1,True
ATM-0003,19.108384,72.83609,mock_h3_2,True
ATM-0004,19.152151,72.876831,mock_h3_3,True
ATM-0005,19.064292,72.868491,mock_h3_4,True
ATM-0006,19.064293,72.854339,mock_h3_5,True
ATM-0007,19.154961,72.911819,mock_h3_6,True
ATM-0008,19.114372,72.924765,mock_h3_7,True
ATM-0009,19.052526,72.88142,mock_h3_8,True
ATM-0010,19.103128,72.950877,mock_h3_9,True
ATM-0011,19.052829,72.819916,mock_h3_10,True
ATM-0012,19.075,72.88,mock_h3_11,True
ATM-0013,19.088098,72.841159,mock_h3_12,True
ATM-0014,18.980336,72.783673,mock_h3_13,True
ATM-0015,19.077,72.879,mock_h3_14,True
ATM-0016,19.047886,72.870913,mock_h3_15,True
ATM-0017,19.025358,72.952672,mock_h3_16,True
ATM-0018,19.091712,72.908541,mock_h3_17,True
ATM-0019,19.030599,72.825791,mock_h3_18,True
ATM-0020,19.005385,72.969705,mock_h3_19,True
ATM-0021,19.149282,72.938052,mock_h3_20,True
ATM-0022,19.064711,72.906105,mock_h3_21,True
ATM-0023,19.079376,72.865676,mock_h3_22,True
ATM-0024,19.004763,72.829028,mock_h3_23,True
ATM-0025,19.048781,72.85839,mock_h3_24,True
ATM-0026,19.081546,72.931437,mock_h3_25,True
ATM-0027,19.01845,72.971229,mock_h3_26,True
ATM-0028,19.094785,72.954162,mock_h3_27,True
ATM-0029,19.045968,72.852558,mock_h3_28,True
ATM-0030,19.061415,72.821019,mock_h3_29,True
ATM-0031,19.045915,72.884044,mock_h3_30,True
ATM-0032,19.168614,72.788578,mock_h3_31,True
ATM-0033,19.075325,72.893158,mock_h3_32,True
ATM-0034,19.023114,72.86962,mock_h3_33,True
ATM-0035,19.117127,72.853698,mock_h3_34,True
ATM-0036,19.014958,72.797265,mock_h3_35,True
ATM-0037,19.086443,72.90268,mock_h3_36,True
ATM-0038,18.978016,72.850365,mock_h3_37,True
ATM-0039,19.009591,72.818504,mock_h3_38,True
ATM-0040,19.085843,72.733387,mock_h3_39,True
ATM-0041,19.112923,72.875624,mock_h3_40,True
ATM-0042,19.084568,72.965613,mock_h3_41,True
ATM-0043,19.070218,72.960063,mock_h3_42,True
ATM-0044,19.060945,72.854145,mock_h3_43,True
ATM-0045,19.078,72.875,mock_h3_44,True
ATM-0046,19.040008,72.900439,mock_h3_45,True
ATM-0047,19.052968,72.827081,mock_h3_46,True
ATM-0048,19.128856,72.89209,mock_h3_47,True
ATM-0049,19.093181,72.915304,mock_h3_48,True
ATM-0050,18.987848,72.938347,mock_h3_49,True
ATM-0051,19.092204,72.871992,mock_h3_50,True
ATM-0052,19.056746,72.866816,mock_h3_51,True
ATM-0053,19.042154,72.833101,mock_h3_52,True
ATM-0054,19.106584,72.835656,mock_h3_53,True
ATM-0055,19.12755,72.865676,mock_h3_54,True
ATM-0056,19.122564,72.895368,mock_h3_55,True
ATM-0057,19.034039,72.922679,mock_h3_56,True
ATM-0058,19.060539,72.836841,mock_h3_57,True
ATM-0059,19.092563,72.951634,mock_h3_58,True
ATM-0060,19.124777,72.863444,mock_h3_59,True
ATM-0061,19.052041,72.875932,mock_h3_60,True
ATM-0062,19.066717,72.839639,mock_h3_61,True
ATM-0063,19.020683,72.755788,mock_h3_62,True
ATM-0064,19.01619,72.921202,mock_h3_63,True
ATM-0065,19.116626,72.913842,mock_h3_64,True
ATM-0066,19.143812,72.862934,mock_h3_65,True
ATM-0067,19.072399,72.88035,mock_h3_66,True
ATM-0068,19.126177,72.902797,mock_h3_67,True
ATM-0069,19.094082,72.798873,mock_h3_68,True
ATM-0070,19.043744,72.850547,mock_h3_69,True
ATM-0071,19.09407,72.916713,mock_h3_70,True
ATM-0072,19.152902,72.814286,mock_h3_71,True
ATM-0073,19.074209,72.891678,mock_h3_72,True
ATM-0074,19.154232,72.809171,mock_h3_73,True
ATM-0075,18.945013,72.900321,mock_h3_74,True
ATM-0076,19.117095,72.875218,mock_h3_75,True
ATM-0077,19.080352,72.796243,mock_h3_76,True
ATM-0078,19.06105,72.935237,mock_h3_77,True
ATM-0079,19.080588,72.84027,mock_h3_78,True
ATM-0080,18.976622,72.836487,mock_h3_79,True
ATM-0081,19.065016,72.887028,mock_h3_80,True
ATM-0082,19.093856,72.934432,mock_h3_81,True
ATM-0083,19.149895,72.826209,mock_h3_82,True
ATM-0084,19.050086,72.880084,mock_h3_83,True
ATM-0085,19.035575,72.898441,mock_h3_84,True
ATM-0086,19.050912,72.911655,mock_h3_85,True
ATM-0087,19.12177,72.885822,mock_h3_86,True
ATM-0088,19.092438,72.858649,mock_h3_87,True
ATM-0089,19.049512,72.83562,mock_h3_88,True
ATM-0090,19.101663,72.881307,mock_h3_89,True
ATM-0091,19.080854,72.823393,mock_h3_90,True
ATM-0092,19.081,72.882,mock_h3_91,True
ATM-0093,19.040897,72.898828,mock_h3_92,True
ATM-0094,19.059617,72.922197,mock_h3_93,True
ATM-0095,19.056395,72.758853,mock_h3_94,True
ATM-0096,19.002824,72.826513,mock_h3_95,True
ATM-0097,19.090806,72.907958,mock_h3_96,True
ATM-0098,19.089053,72.979875,mock_h3_97,True
ATM-0099,19.076256,72.87804,mock_h3_98,True
ATM-0100,19.064271,72.8406,mock_h3_99,True
ATM-0101,19.005231,72.867855,mock_h3_100,True
ATM-0102,19.054968,72.945744,mock_h3_101,True
ATM-0103,19.058864,72.844702,mock_h3_102,True
ATM-0104,19.035886,72.83704,mock_h3_103,True
ATM-0105,19.067936,72.852863,mock_h3_104,True
ATM-0106,19.096203,72.829334,mock_h3_105,True
ATM-0107,19.170309,72.883134,mock_h3_106,True
ATM-0108,19.084729,72.958234,mock_h3_107,True
ATM-0109,19.088878,72.893154,mock_h3_108,True
ATM-0110,19.072278,72.864382,mock_h3_109,True
ATM-0111,18.980061,72.862409,mock_h3_110,True
ATM-0112,19.074674,72.79884,mock_h3_111,True
ATM-0113,19.079012,72.921155,mock_h3_112,True
ATM-0114,19.199162,72.873108,mock_h3_113,True
ATM-0115,19.066382,72.867976,mock_h3_114,True
ATM-0116,19.091077,73.036655,mock_h3_115,True
ATM-0117,19.074264,72.891938,mock_h3_116,True
ATM-0118,19.017566,72.83941,mock_h3_117,True
ATM-0119,19.133141,72.855682,mock_h3_118,True
ATM-0120,19.113597,72.934422,mock_h3_119,True
ATM-0121,19.115552,72.882664,mock_h3_120,True
ATM-0122,19.030531,72.805086,mock_h3_121,True
ATM-0123,19.14614,72.922961,mock_h3_122,True
ATM-0124,19.005907,72.843593,mock_h3_123,True
ATM-0125,19.105343,72.970665,mock_h3_124,True
ATM-0126,19.185523,72.931002,mock_h3_125,True
ATM-0127,19.026473,72.854634,mock_h3_126,True
ATM-0128,19.047685,72.941051,mock_h3_127,True
ATM-0129,19.080983,72.880393,mock_h3_128,True
ATM-0130,19.050826,72.919639,mock_h3_129,True
ATM-0131,18.998467,72.901237,mock_h3_130,True
ATM-0132,19.079428,72.834682,mock_h3_131,True
ATM-0133,19.022885,72.844823,mock_h3_132,True
ATM-0134,19.09968,72.928498,mock_h3_133,True
ATM-0135,19.030029,72.860261,mock_h3_134,True
ATM-0136,19.153497,72.856818,mock_h3_135,True
ATM-0137,19.036837,72.829244,mock_h3_136,True
ATM-0138,19.059897,72.89818,mock_h3_137,True
ATM-0139,19.116676,72.980126,mock_h3_138,True
ATM-0140,19.014457,72.823623,mock_h3_139,True
ATM-0141,19.087373,72.878211,mock_h3_140,True
ATM-0142,19.141357,72.947611,mock_h3_141,True
ATM-0143,18.995626,72.873018,mock_h3_142,True
ATM-0144,19.085232,72.899619,mock_h3_143,True
ATM-0145,19.088994,72.82388,mock_h3_144,True
ATM-0146,19.115091,72.898415,mock_h3_145,True
ATM-0147,19.014152,72.867643,mock_h3_146,True
ATM-0148,19.009977,72.926286,mock_h3_147,True
ATM-0149,19.102097,72.936369,mock_h3_148,True
ATM-0150,19.090849,73.006478,mock_h3_149,True
ATM-0151,19.088525,72.905982,mock_h3_150,True
ATM-0152,19.093322,72.89329,mock_h3_151,True
ATM-0153,19.041999,72.886719,mock_h3_152,True
ATM-0154,19.087613,72.859342,mock_h3_153,True
ATM-0155,19.090654,72.893924,mock_h3_154,True
ATM-0156,19.040282,72.86223,mock_h3_155,True
ATM-0157,19.169289,72.885423,mock_h3_156,True
ATM-0158,19.099692,72.94288,mock_h3_157,True
ATM-0159,19.016435,72.826673,mock_h3_158,True
ATM-0160,19.108828,72.933994,mock_h3_159,True
ATM-0161,19.027266,72.942856,mock_h3_160,True
ATM-0162,19.115354,72.871097,mock_h3_161,True
ATM-0163,19.13393,72.770907,mock_h3_162,True
ATM-0164,19.034966,72.846609,mock_h3_163,True
ATM-0165,19.124169,72.94185,mock_h3_164,True
ATM-0166,19.096639,72.875857,mock_h3_165,True
ATM-0167,19.117103,72.827035,mock_h3_166,True
ATM-0168,19.17084,72.851761,mock_h3_167,True
ATM-0169,19.063731,72.919031,mock_h3_168,True
ATM-0170,19.038313,72.904337,mock_h3_169,True
ATM-0171,19.031524,72.865053,mock_h3_170,True
ATM-0172,19.035209,72.858659,mock_h3_171,True
ATM-0173,19.072145,72.857412,mock_h3_172,True
ATM-0174,19.093058,72.830879,mock_h3_173,True
ATM-0175,19.089835,72.957769,mock_h3_174,True
ATM-0176,19.117359,72.860884,mock_h3_175,True
ATM-0177,19.07665,72.937858,mock_h3_176,True
ATM-0178,19.148677,72.953066,mock_h3_177,True
ATM-0179,19.062767,72.926916,mock_h3_178,True
ATM-0180,19.212008,72.855419,mock_h3_179,True
ATM-0181,19.107283,72.897187,mock_h3_180,True
ATM-0182,19.033142,72.87579,mock_h3_181,True
ATM-0183,19.022455,72.831815,mock_h3_182,True
ATM-0184,19.076,72.877,mock_h3_183,True
ATM-0185,19.064827,72.818048,mock_h3_184,True
ATM-0186,19.1117,72.936384,mock_h3_185,True
ATM-0187,19.099662,72.853769,mock_h3_186,True
ATM-0188,19.072359,72.887058,mock_h3_187,True
ATM-0189,19.03366,72.891164,mock_h3_188,True
ATM-0190,19.000258,72.864055,mock_h3_189,True
ATM-0191,19.053674,72.906335,mock_h3_190,True
ATM-0192,19.11882,72.853255,mock_h3_191,True
ATM-0193,19.086705,72.920565,mock_h3_192,True
ATM-0194,19.013713,72.809701,mock_h3_193,True
ATM-0195,19.084659,72.883319,mock_h3_194,True
ATM-0196,19.095266,72.973946,mock_h3_195,True
ATM-0197,19.031807,72.826983,mock_h3_196,True
ATM-0198,19.083686,72.843113,mock_h3_197,True
ATM-0199,19.07891,72.902695,mock_h3_198,True
ATM-0200,19.018851,72.885979,mock_h3_199,True
ATM-0201,19.093889,72.894532,mock_h3_200,True
ATM-0202,19.104039,72.901459,mock_h3_201,True
ATM-0203,19.130153,72.908736,mock_h3_202,True
ATM-0204,19.12869,72.932485,mock_h3_203,True
ATM-0205,19.007117,72.897491,mock_h3_204,True
ATM-0206,19.029109,72.864937,mock_h3_205,True
ATM-0207,19.101752,72.910629,mock_h3_206,True
ATM-0208,19.101689,72.971994,mock_h3_207,True
ATM-0209,19.101752,72.870368,mock_h3_208,True
ATM-0210,19.268637,72.828274,mock_h3_209,True
ATM-0211,19.104545,72.932354,mock_h3_210,True
ATM-0212,19.132778,72.870981,mock_h3_211,True
ATM-0213,19.1237,72.768367,mock_h3_212,True
ATM-0214,19.10857,72.919371,mock_h3_213,True
ATM-0215,19.060237,72.850234,mock_h3_214,True
ATM-0216,19.113948,72.872473,mock_h3_215,True
ATM-0217,19.037359,72.893599,mock_h3_216,True
ATM-0218,19.064159,72.886525,mock_h3_217,True
ATM-0219,19.051732,72.912473,mock_h3_218,True
ATM-0220,19.080094,72.855226,mock_h3_219,True
ATM-0221,19.191733,72.902655,mock_h3_220,True
ATM-0222,18.982637,72.864023,mock_h3_221,True
ATM-0223,19.110313,72.913941,mock_h3_222,True
ATM-0224,18.995364,72.907768,mock_h3_223,True
ATM-0225,19.052403,72.830228,mock_h3_224,True
ATM-0226,19.130448,72.931299,mock_h3_225,True
ATM-0227,19.079214,72.850202,mock_h3_226,True
ATM-0228,19.022113,72.917403,mock_h3_227,True
ATM-0229,19.040235,72.895364,mock_h3_228,True
ATM-0230,19.10998,72.968909,mock_h3_229,True
ATM-0231,19.039482,72.865827,mock_h3_230,True
ATM-0232,19.086823,72.859534,mock_h3_231,True
ATM-0233,19.078279,72.876029,mock_h3_232,True
ATM-0234,19.04342,72.861841,mock_h3_233,True
ATM-0235,19.183197,72.916997,mock_h3_234,True
ATM-0236,19.107696,72.796184,mock_h3_235,True
ATM-0237,18.974743,72.824316,mock_h3_236,True
ATM-0238,19.085323,72.82361,mock_h3_237,True
ATM-0239,19.042911,72.924515,mock_h3_238,True
ATM-0240,19.118622,72.962531,mock_h3_239,True
ATM-0241,19.036374,72.871778,mock_h3_240,True
ATM-0242,19.070263,72.868559,mock_h3_241,True
ATM-0243,19.101249,72.880503,mock_h3_242,True
ATM-0244,19.119288,72.935094,mock_h3_243,True
ATM-0245,19.015985,72.830632,mock_h3_244,True
ATM-0246,19.059275,72.888918,mock_h3_245,True
ATM-0247,19.052253,72.92576,mock_h3_246,True
ATM-0248,19.043334,72.902055,mock_h3_247,True
ATM-0249,19.164273,72.886479,mock_h3_248,True
ATM-0250,19.096249,72.927052,mock_h3_249,True
ATM-0251,19.012956,72.741838,mock_h3_250,True
ATM-0252,19.121893,72.910894,mock_h3_251,True
ATM-0253,19.182108,72.844296,mock_h3_252,True
ATM-0254,19.127623,72.785468,mock_h3_253,True
ATM-0255,19.000032,72.90256,mock_h3_254,True
ATM-0256,19.051788,72.945683,mock_h3_255,True
ATM-0257,19.139346,72.870128,mock_h3_256,True
ATM-0258,19.040617,72.924644,mock_h3_257,True
ATM-0259,19.098191,72.957614,mock_h3_258,True
ATM-0260,19.114732,72.942746,mock_h3_259,True
ATM-0261,19.029653,72.958998,mock_h3_260,True
ATM-0262,19.073024,72.914106,mock_h3_261,True
ATM-0263,18.913937,72.880772,mock_h3_262,True
ATM-0264,19.024781,72.796902,mock_h3_263,True
ATM-0265,19.063372,72.864697,mock_h3_264,True
ATM-0266,19.013611,72.834838,mock_h3_265,True
ATM-0267,19.157621,72.985547,mock_h3_266,True
ATM-0268,19.004493,72.868206,mock_h3_267,True
ATM-0269,19.053998,72.88316,mock_h3_268,True
ATM-0270,19.082537,72.904574,mock_h3_269,True
ATM-0271,19.148064,72.87918,mock_h3_270,True
ATM-0272,19.004207,72.961753,mock_h3_271,True
ATM-0273,19.134158,72.845868,mock_h3_272,True
ATM-0274,19.076512,72.88673,mock_h3_273,True
ATM-0275,19.026925,72.839876,mock_h3_274,True
ATM-0276,19.099105,72.810999,mock_h3_275,True
ATM-0277,19.085953,72.846412,mock_h3_276,True
ATM-0278,19.045989,72.875148,mock_h3_277,True
ATM-0279,19.07949,72.855535,mock_h3_278,True
ATM-0280,19.056734,72.842379,mock_h3_279,True
ATM-0281,19.081676,72.806684,mock_h3_280,True
ATM-0282,19.109107,72.872845,mock_h3_281,True
ATM-0283,19.155301,72.801764,mock_h3_282,True
ATM-0284,19.014109,72.915003,mock_h3_283,True
ATM-0285,19.182652,72.881122,mock_h3_284,True
ATM-0286,18.978396,72.804122,mock_h3_285,True
ATM-0287,19.068411,72.86154,mock_h3_286,True
ATM-0288,19.105416,72.839392,mock_h3_287,True
ATM-0289,19.09005,72.892959,mock_h3_288,True
ATM-0290,19.044865,72.944023,mock_h3_289,True
ATM-0291,19.065594,72.783241,mock_h3_290,True
ATM-0292,19.05135,72.882751,mock_h3_291,True
ATM-0293,19.046532,72.868993,mock_h3_292,True
ATM-0294,19.11848,72.910567,mock_h3_293,True
ATM-0295,19.093851,72.88766,mock_h3_294,True
ATM-0296,19.041355,72.839402,mock_h3_295,True
ATM-0297,19.12098,72.861047,mock_h3_296,True
ATM-0298,19.091365,72.837199,mock_h3_297,True
ATM-0299,19.116643,72.9308,mock_h3_298,True
ATM-0300,19.107481,72.878066,mock_h3_299,True
ATM-0301,19.03455,72.97206,mock_h3_300,True
ATM-0302,19.047991,72.873967,mock_h3_301,True
ATM-0303,19.113365,72.84158,mock_h3_302,True
ATM-0304,19.106519,72.801314,mock_h3_303,True
ATM-0305,19.074955,72.786843,mock_h3_304,True
ATM-0306,19.081866,72.797793,mock_h3_305,True
ATM-0307,19.139883,72.890356,mock_h3_306,True
ATM-0308,19.046421,72.902436,mock_h3_307,True
ATM-0309,19.103355,72.79794,mock_h3_308,True
ATM-0310,19.06589,72.921752,mock_h3_309,True
ATM-0311,19.065116,72.852847,mock_h3_310,True
ATM-0312,19.130939,72.88434,mock_h3_311,True
ATM-0313,19.117271,72.957611,mock_h3_312,True
ATM-0314,19.116675,72.921842,mock_h3_313,True
ATM-0315,19.141274,72.863573,mock_h3_314,True
ATM-0316,19.07705,72.83244,mock_h3_315,True
ATM-0317,19.110098,72.769409,mock_h3_316,True
ATM-0318,19.060487,72.841042,mock_h3_317,True
ATM-0319,19.092208,72.866443,mock_h3_318,True
ATM-0320,19.069493,72.827641,mock_h3_319,True
ATM-0321,19.08085,72.870437,mock_h3_320,True
ATM-0322,19.105758,72.880843,mock_h3_321,True
ATM-0323,19.035089,72.865757,mock_h3_322,True
ATM-0324,19.180619,72.8445,mock_h3_323,True
ATM-0325,19.025699,72.885433,mock_h3_324,True
ATM-0326,19.015291,72.899097,mock_h3_325,True
ATM-0327,19.133906,72.82248,mock_h3_326,True
ATM-0328,19.115583,72.947547,mock_h3_327,True
ATM-0329,19.107206,72.872071,mock_h3_328,True
ATM-0330,19.107417,72.877942,mock_h3_329,True
ATM-0331,19.075388,72.912411,mock_h3_330,True
ATM-0332,19.031137,72.888661,mock_h3_331,True
ATM-0333,19.07979,72.924657,mock_h3_332,True
ATM-0334,19.042142,72.891356,mock_h3_333,True
ATM-0335,19.124756,72.846378,mock_h3_334,True
ATM-0336,19.068647,72.895075,mock_h3_335,True
ATM-0337,19.034725,72.819814,mock_h3_336,True
ATM-0338,19.059931,72.882428,mock_h3_337,True
ATM-0339,19.096647,72.875339,mock_h3_338,True
ATM-0340,19.047814,72.866594,mock_h3_339,True
ATM-0341,19.034889,72.870573,mock_h3_340,True
ATM-0342,19.088184,72.782908,mock_h3_341,True
ATM-0343,19.088248,72.849564,mock_h3_342,True
ATM-0344,19.050653,72.881642,mock_h3_343,True
ATM-0345,19.052448,72.884993,mock_h3_344,True
ATM-0346,19.087602,72.825616,mock_h3_345,True
ATM-0347,19.003596,72.940285,mock_h3_346,True
ATM-0348,19.005627,72.833691,mock_h3_347,True
ATM-0349,19.040078,72.925473,mock_h3_348,True
ATM-0350,19.065328,72.89836,mock_h3_349,True
ATM-0351,19.091545,72.844689,mock_h3_350,True
ATM-0352,19.149768,72.965766,mock_h3_351,True
ATM-0353,19.118883,72.817318,mock_h3_352,True
ATM-0354,19.068003,72.922958,mock_h3_353,True
ATM-0355,19.075049,72.927029,mock_h3_354,True
ATM-0356,19.025874,72.843469,mock_h3_355,True
ATM-0357,19.075074,72.946623,mock_h3_356,True
ATM-0358,19.061567,72.864498,mock_h3_357,True
ATM-0359,19.092136,72.891435,mock_h3_358,True
ATM-0360,19.034638,72.890016,mock_h3_359,True
ATM-0361,19.101967,72.870285,mock_h3_360,True
ATM-0362,19.152637,72.91754,mock_h3_361,True
ATM-0363,19.070562,72.916674,mock_h3_362,True
ATM-0364,19.096086,72.789573,mock_h3_363,True
ATM-0365,19.110507,72.942217,mock_h3_364,True
ATM-0366,19.055939,72.793875,mock_h3_365,True
ATM-0367,19.087205,72.928627,mock_h3_366,True
ATM-0368,19.07663,72.933335,mock_h3_367,True
ATM-0369,19.080884,72.822452,mock_h3_368,True
ATM-0370,19.03735,72.856459,mock_h3_369,True
ATM-0371,19.077226,72.821715,mock_h3_370,True
ATM-0372,19.1009,72.866254,mock_h3_371,True
ATM-0373,19.148557,72.861598,mock_h3_372,True
ATM-0374,19.123964,72.915983,mock_h3_373,True
ATM-0375,19.183659,72.942515,mock_h3_374,True
ATM-0376,19.037633,72.946784,mock_h3_375,True
ATM-0377,19.119616,72.848892,mock_h3_376,True
ATM-0378,19.085167,72.866539,mock_h3_377,True
ATM-0379,19.18549,72.792828,mock_h3_378,True
ATM-0380,19.035585,72.836706,mock_h3_379,True
ATM-0381,19.034014,72.925243,mock_h3_380,True
ATM-0382,19.04603,72.957779,mock_h3_381,True
ATM-0383,18.969805,72.815283,mock_h3_382,True
ATM-0384,19.049712,72.847377,mock_h3_383,True
ATM-0385,19.038043,72.87568,mock_h3_384,True
ATM-0386,19.08352,72.891008,mock_h3_385,True
ATM-0387,19.093088,72.83652,mock_h3_386,True
ATM-0388,19.169809,72.898203,mock_h3_387,True
ATM-0389,19.123521,72.853308,mock_h3_388,True
ATM-0390,19.047155,72.876277,mock_h3_389,True
ATM-0391,19.031079,72.904314,mock_h3_390,True
ATM-0392,19.100596,72.877321,mock_h3_391,True
ATM-0393,19.009988,72.855181,mock_h3_392,True
ATM-0394,19.167573,72.87152,mock_h3_393,True
ATM-0395,19.134972,72.872582,mock_h3_394,True
ATM-0396,19.052541,72.858499,mock_h3_395,True
ATM-0397,18.990343,72.86406,mock_h3_396,True
ATM-0398,19.143694,72.956932,mock_h3_397,True
ATM-0399,19.070273,72.905046,mock_h3_398,True
ATM-0400,19.137891,72.862226,mock_h3_399,True
ATM-0401,18.996279,72.911848,mock_h3_400,True
ATM-0402,19.046031,72.860309,mock_h3_401,True
ATM-0403,19.076262,72.935656,mock_h3_402,True
ATM-0404,19.078349,72.895482,mock_h3_403,True
ATM-0405,19.053497,72.871635,mock_h3_404,True
ATM-0406,19.107142,72.899386,mock_h3_405,True
ATM-0407,19.022619,72.798456,mock_h3_406,True
ATM-0408,19.068881,72.820662,mock_h3_407,True
ATM-0409,19.082015,72.817304,mock_h3_408,True
ATM-0410,19.101722,72.884147,mock_h3_409,True
ATM-0411,19.111581,72.963626,mock_h3_410,True
ATM-0412,19.019768,72.988565,mock_h3_411,True
ATM-0413,18.999294,72.908903,mock_h3_412,True
ATM-0414,19.139884,72.902042,mock_h3_413,True
ATM-0415,19.092616,72.786947,mock_h3_414,True
ATM-0416,19.038576,72.849866,mock_h3_415,True
ATM-0417,19.153558,72.837611,mock_h3_416,True
ATM-0418,19.081784,72.845958,mock_h3_417,True
ATM-0419,19.134965,72.868593,mock_h3_418,True
ATM-0420,19.079376,72.853395,mock_h3_419,True
ATM-0421,19.179037,72.778035,mock_h3_420,True
ATM-0422,19.163767,72.914396,mock_h3_421,True
ATM-0423,19.063552,72.823363,mock_h3_422,True
ATM-0424,19.124579,72.888962,mock_h3_423,True
ATM-0425,19.108269,72.980704,mock_h3_424,True
ATM-0426,19.144432,72.831031,mock_h3_425,True
ATM-0427,19.027754,72.750486,mock_h3_426,True
ATM-0428,19.110303,72.8627,mock_h3_427,True
ATM-0429,19.128921,72.932048,mock_h3_428,True
ATM-0430,18.988063,72.974917,mock_h3_429,True
ATM-0431,19.016837,72.815523,mock_h3_430,True
ATM-0432,18.974038,72.901835,mock_h3_431,True
ATM-0433,19.06253,72.853734,mock_h3_432,True
ATM-0434,19.111877,72.871703,mock_h3_433,True
ATM-0435,19.151118,73.009217,mock_h3_434,True
ATM-0436,19.079705,72.801851,mock_h3_435,True
ATM-0437,19.157431,72.889687,mock_h3_436,True
ATM-0438,19.006995,72.900385,mock_h3_437,True
ATM-0439,18.990831,72.931289,mock_h3_438,True
ATM-0440,19.073223,72.881899,mock_h3_439,True
ATM-0441,19.095203,72.892403,mock_h3_440,True
ATM-0442,19.074365,72.857418,mock_h3_441,True
ATM-0443,18.972628,72.890456,mock_h3_442,True
ATM-0444,19.071544,72.85984,mock_h3_443,True
ATM-0445,19.010777,72.908079,mock_h3_444,True
ATM-0446,19.109484,72.858519,mock_h3_445,True
ATM-0447,19.09433,72.895855,mock_h3_446,True
ATM-0448,19.029006,72.875537,mock_h3_447,True
ATM-0449,19.050307,72.933303,mock_h3_448,True
ATM-0450,19.023039,72.87443,mock_h3_449,True
ATM-0451,19.072866,72.788348,mock_h3_450,True
ATM-0452,19.123757,72.940096,mock_h3_451,True
ATM-0453,19.026714,72.831713,mock_h3_452,True
ATM-0454,19.101202,72.844312,mock_h3_453,True
ATM-0455,19.049487,72.847217,mock_h3_454,True
ATM-0456,19.036356,72.945722,mock_h3_455,True
ATM-0457,19.070648,72.770216,mock_h3_456,True
ATM-0458,19.024238,73.033887,mock_h3_457,True
ATM-0459,19.048318,72.929803,mock_h3_458,True
ATM-0460,19.016106,72.888162,mock_h3_459,True
ATM-0461,19.174236,72.874255,mock_h3_460,True
ATM-0462,19.077763,72.891278,mock_h3_461,True
ATM-0463,19.041014,72.903056,mock_h3_462,True
ATM-0464,19.086699,72.909261,mock_h3_463,True
ATM-0465,19.070384,72.90478,mock_h3_464,True
ATM-0466,19.064952,72.881479,mock_h3_465,True
ATM-0467,19.106708,72.867133,mock_h3_466,True
ATM-0468,19.113875,72.869436,mock_h3_467,True
ATM-0469,19.049475,72.867255,mock_h3_468,True
ATM-0470,19.047209,72.933689,mock_h3_469,True
ATM-0471,19.062247,72.906678,mock_h3_470,True
ATM-0472,18.960904,72.729981,mock_h3_471,True
ATM-0473,19.00024,72.909795,mock_h3_472,True
ATM-0474,19.144344,72.886737,mock_h3_473,True
ATM-0475,19.158248,72.876065,mock_h3_474,True
ATM-0476,19.063548,72.857574,mock_h3_475,True
ATM-0477,19.104828,72.933206,mock_h3_476,True
ATM-0478,19.091563,72.924376,mock_h3_477,True
ATM-0479,19.229944,72.838356,mock_h3_478,True
ATM-0480,19.131979,72.897353,mock_h3_479,True
ATM-0481,19.069604,72.828417,mock_h3_480,True
ATM-0482,19.028223,72.808019,mock_h3_481,True
ATM-0483,18.995678,72.845664,mock_h3_482,True
ATM-0484,19.086173,72.92012,mock_h3_483,True
ATM-0485,19.038182,72.924656,mock_h3_484,True
ATM-0486,19.004887,72.902654,mock_h3_485,True
ATM-0487,19.043671,72.913255,mock_h3_486,True
ATM-0488,19.021923,72.902809,mock_h3_487,True
ATM-0489,19.160357,72.844926,mock_h3_488,True
ATM-0490,19.120082,72.898596,mock_h3_489,True
ATM-0491,19.075601,72.91702,mock_h3_490,True
ATM-0492,19.149997,72.914715,mock_h3_491,True
ATM-0493,19.079868,72.936446,mock_h3_492,True
ATM-0494,19.032936,72.912415,mock_h3_493,True
ATM-0495,19.152156,72.894572,mock_h3_494,True
ATM-0496,19.102946,72.930508,mock_h3_495,True
ATM-0497,19.024138,72.875674,mock_h3_496,True
ATM-0498,19.066483,72.832906,mock_h3_497,True
ATM-0499,19.032219,72.868847,mock_h3_498,True
ATM-0500,19.00686,72.839755,mock_h3_499,True
ATM-0501,19.122309,72.843241,mock_h3_500,True
ATM-0502,19.171471,72.869774,mock_h3_501,True
ATM-0503,19.006072,72.837379,mock_h3_502,True
ATM-0504,19.104148,72.861602,mock_h3_503,True
ATM-0505,19.043468,72.782319,mock_h3_504,True
ATM-0506,19.051644,72.887665,mock_h3_505,True
ATM-0507,19.04638,72.87706,mock_h3_506,True
ATM-0508,19.0328,72.836146,mock_h3_507,True
ATM-0509,19.078426,72.909962,mock_h3_508,True
ATM-0510,19.034452,72.923879,mock_h3_509,True
ATM-0511,19.089523,72.796622,mock_h3_510,True
ATM-0512,19.073488,72.838864,mock_h3_511,True
ATM-0513,19.064053,72.838543,mock_h3_512,True
ATM-0514,19.030622,72.830005,mock_h3_513,True
ATM-0515,19.047161,72.918474,mock_h3_514,True
ATM-0516,19.11377,72.867309,mock_h3_515,True
ATM-0517,19.101046,72.863774,mock_h3_516,True
ATM-0518,19.027122,72.776807,mock_h3_517,True
ATM-0519,19.080967,72.908771,mock_h3_518,True
ATM-0520,19.113569,72.815037,mock_h3_519,True
ATM-0521,18.99253,72.879997,mock_h3_520,True
ATM-0522,19.103168,72.890869,mock_h3_521,True
ATM-0523,19.042869,72.945033,mock_h3_522,True
ATM-0524,19.10453,72.811559,mock_h3_523,True
ATM-0525,19.037837,72.726024,mock_h3_524,True
ATM-0526,18.985756,72.886192,mock_h3_525,True
ATM-0527,18.994623,72.967026,mock_h3_526,True
ATM-0528,19.078404,72.938947,mock_h3_527,True
ATM-0529,19.088986,72.887483,mock_h3_528,True
ATM-0530,19.030784,72.852418,mock_h3_529,True
ATM-0531,19.10793,72.917356,mock_h3_530,True
ATM-0532,18.992924,72.828323,mock_h3_531,True
ATM-0533,19.072696,72.900818,mock_h3_532,True
ATM-0534,19.015449,72.902274,mock_h3_533,True
ATM-0535,19.043408,72.93001,mock_h3_534,True
ATM-0536,19.07837,73.014983,mock_h3_535,True
ATM-0537,19.032979,72.896621,mock_h3_536,True
ATM-0538,19.056772,72.851552,mock_h3_537,True
ATM-0539,19.126315,72.875721,mock_h3_538,True
ATM-0540,19.047155,72.788546,mock_h3_539,True
ATM-0541,19.117785,72.842264,mock_h3_540,True
ATM-0542,19.019515,72.856536,mock_h3_541,True
ATM-0543,19.10249,72.850796,mock_h3_542,True
ATM-0544,19.148078,72.884618,mock_h3_543,True
ATM-0545,18.952418,72.835879,mock_h3_544,True
ATM-0546,19.036155,72.933052,mock_h3_545,True
ATM-0547,19.104854,72.87701,mock_h3_546,True
ATM-0548,19.065848,72.876535,mock_h3_547,True
ATM-0549,19.094557,72.860605,mock_h3_548,True
ATM-0550,19.045801,72.88476,mock_h3_549,True
ATM-0551,19.080329,72.918255,mock_h3_550,True
ATM-0552,19.068216,72.833643,mock_h3_551,True
ATM-0553,19.134389,72.844094,mock_h3_552,True
ATM-0554,19.088721,72.861814,mock_h3_553,True
ATM-0555,19.09288,72.809706,mock_h3_554,True
ATM-0556,19.055406,72.836037,mock_h3_555,True
ATM-0557,19.05162,72.853189,mock_h3_556,True
ATM-0558,19.054372,72.920719,mock_h3_557,True
ATM-0559,19.095723,72.890128,mock_h3_558,True
ATM-0560,19.054951,72.886679,mock_h3_559,True
ATM-0561,19.090489,72.919545,mock_h3_560,True
ATM-0562,19.17977,72.870131,mock_h3_561,True
ATM-0563,19.119556,72.896523,mock_h3_562,True
ATM-0564,19.059699,72.871839,mock_h3_563,True
ATM-0565,19.136061,72.890268,mock_h3_564,True
ATM-0566,19.055596,72.847862,mock_h3_565,True
ATM-0567,18.974094,72.755059,mock_h3_566,True
ATM-0568,19.025596,72.870286,mock_h3_567,True
ATM-0569,18.98246,72.948137,mock_h3_568,True
ATM-0570,19.058424,72.923311,mock_h3_569,True
ATM-0571,19.076921,72.92527,mock_h3_570,True
ATM-0572,19.159822,72.938807,mock_h3_571,True
ATM-0573,19.092346,72.881433,mock_h3_572,True
ATM-0574,19.065045,72.886866,mock_h3_573,True
ATM-0575,19.11747,72.846117,mock_h3_574,True
ATM-0576,18.965443,72.861196,mock_h3_575,True
ATM-0577,19.087781,72.907789,mock_h3_576,True
ATM-0578,19.114543,72.937194,mock_h3_577,True
ATM-0579,19.002071,72.870028,mock_h3_578,True
ATM-0580,19.133188,72.854491,mock_h3_579,True
ATM-0581,19.092925,72.877026,mock_h3_580,True
ATM-0582,19.055236,72.90706,mock_h3_581,True
ATM-0583,19.107639,72.804807,mock_h3_582,True
ATM-0584,19.189535,72.762191,mock_h3_583,True
ATM-0585,19.085093,72.849473,mock_h3_584,True
ATM-0586,19.088411,72.815964,mock_h3_585,True
ATM-0587,19.053032,72.851593,mock_h3_586,True
ATM-0588,19.033508,72.869611,mock_h3_587,True
ATM-0589,19.117517,72.854338,mock_h3_588,True
ATM-0590,19.033196,72.949623,mock_h3_589,True
ATM-0591,19.079578,72.893337,mock_h3_590,True
ATM-0592,19.052117,72.892024,mock_h3_591,True
ATM-0593,19.099949,72.90811,mock_h3_592,True
ATM-0594,19.092683,72.820058,mock_h3_593,True
ATM-0595,19.127877,72.928956,mock_h3_594,True
ATM-0596,19.050499,72.873212,mock_h3_595,True
ATM-0597,19.062506,72.910524,mock_h3_596,True
ATM-0598,19.027062,72.823407,mock_h3_597,True
ATM-0599,19.053785,72.799312,mock_h3_598,True
ATM-0600,19.094865,72.917894,mock_h3_599,True
ATM-0601,19.113849,72.89582,mock_h3_600,True
ATM-0602,19.029892,72.831897,mock_h3_601,True
ATM-0603,19.11948,72.833517,mock_h3_602,True
ATM-0604,19.143782,72.933272,mock_h3_603,True
ATM-0605,19.096672,72.817529,mock_h3_604,True
ATM-0606,19.16984,72.959134,mock_h3_605,True
ATM-0607,19.037311,72.831969,mock_h3_606,True
ATM-0608,19.013767,72.90892,mock_h3_607,True
ATM-0609,18.987064,72.860569,mock_h3_608,True
ATM-0610,19.150802,72.907159,mock_h3_609,True
ATM-0611,19.108718,72.849794,mock_h3_610,True
ATM-0612,19.073221,72.86886,mock_h3_611,True
ATM-0613,19.089998,72.879046,mock_h3_612,True
ATM-0614,19.019726,72.826891,mock_h3_613,True
ATM-0615,19.198288,72.914041,mock_h3_614,True
ATM-0616,19.082461,72.851339,mock_h3_615,True
ATM-0617,19.08147,72.86557,mock_h3_616,True
ATM-0618,19.112288,72.827283,mock_h3_617,True
ATM-0619,19.10005,72.748883,mock_h3_618,True
ATM-0620,19.087194,72.867449,mock_h3_619,True
ATM-0621,19.036476,72.997631,mock_h3_620,True
ATM-0622,19.099573,72.91623,mock_h3_621,True
ATM-0623,19.170101,72.876037,mock_h3_622,True
ATM-0624,19.143271,72.863855,mock_h3_623,True
ATM-0625,19.155659,72.878123,mock_h3_624,True
ATM-0626,19.050439,72.904356,mock_h3_625,True
ATM-0627,19.02652,72.817959,mock_h3_626,True
ATM-0628,19.069711,72.932716,mock_h3_627,True
ATM-0629,19.078786,72.912769,mock_h3_628,True
ATM-0630,19.13071,72.912909,mock_h3_629,True
ATM-0631,18.991377,72.898924,mock_h3_630,True
ATM-0632,19.152478,72.877981,mock_h3_631,True
ATM-0633,19.0681,72.910643,mock_h3_632,True
ATM-0634,19.054656,72.906591,mock_h3_633,True
ATM-0635,19.025395,72.859298,mock_h3_634,True
ATM-0636,18.993257,72.84832,mock_h3_635,True
ATM-0637,19.117159,72.882093,mock_h3_636,True
ATM-0638,19.079666,72.954451,mock_h3_637,True
ATM-0639,19.011502,72.815045,mock_h3_638,True
ATM-0640,19.011246,72.803624,mock_h3_639,True
ATM-0641,19.059211,72.885238,mock_h3_640,True
ATM-0642,19.159451,72.879544,mock_h3_641,True
ATM-0643,19.06302,72.885667,mock_h3_642,True
ATM-0644,19.000843,72.889198,mock_h3_643,True
ATM-0645,19.063713,72.86584,mock_h3_644,True
ATM-0646,19.062364,72.951493,mock_h3_645,True
ATM-0647,18.941156,72.796955,mock_h3_646,True
ATM-0648,19.073285,72.835575,mock_h3_647,True
ATM-0649,19.064453,72.871837,mock_h3_648,True
ATM-0650,19.11081,72.794841,mock_h3_649,True
ATM-0651,19.168448,72.868207,mock_h3_650,True
ATM-0652,19.132328,72.960074,mock_h3_651,True
ATM-0653,19.062556,72.878044,mock_h3_652,True
ATM-0654,19.020674,72.888535,mock_h3_653,True
ATM-0655,19.204668,72.813992,mock_h3_654,True
ATM-0656,19.078961,72.846182,mock_h3_655,True
ATM-0657,19.076696,72.85824,mock_h3_656,True
ATM-0658,19.074794,72.861114,mock_h3_657,True
ATM-0659,19.085904,72.941082,mock_h3_658,True
ATM-0660,19.068782,72.904885,mock_h3_659,True
ATM-0661,19.047317,72.821427,mock_h3_660,True
ATM-0662,19.048657,72.889325,mock_h3_661,True
ATM-0663,19.074362,72.901911,mock_h3_662,True
ATM-0664,19.048829,72.934007,mock_h3_663,True
ATM-0665,19.040358,72.956027,mock_h3_664,True
ATM-0666,19.081322,72.826245,mock_h3_665,True
ATM-0667,19.063251,72.836457,mock_h3_666,True
ATM-0668,19.1512,72.814121,mock_h3_667,True
ATM-0669,18.943452,72.865299,mock_h3_668,True
ATM-0670,19.130575,72.900318,mock_h3_669,True
ATM-0671,19.138304,72.926367,mock_h3_670,True
ATM-0672,18.97233,72.873202,mock_h3_671,True
ATM-0673,19.058866,72.861008,mock_h3_672,True
ATM-0674,19.057428,72.884588,mock_h3_673,True
ATM-0675,19.005624,72.835243,mock_h3_674,True
ATM-0676,19.037109,72.981477,mock_h3_675,True
ATM-0677,19.020471,72.796617,mock_h3_676,True
ATM-0678,19.163614,72.886237,mock_h3_677,True
ATM-0679,19.122784,72.97818,mock_h3_678,True
ATM-0680,19.139578,72.87734,mock_h3_679,True
ATM-0681,19.112084,72.867498,mock_h3_680,True
ATM-0682,19.019547,72.859128,mock_h3_681,True
ATM-0683,19.049774,72.86798,mock_h3_682,True
ATM-0684,19.100469,72.945642,mock_h3_683,True
ATM-0685,19.014894,72.766407,mock_h3_684,True
ATM-0686,19.11165,72.953672,mock_h3_685,True
ATM-0687,19.063984,72.805802,mock_h3_686,True
ATM-0688,19.057259,72.863667,mock_h3_687,True
ATM-0689,19.111548,72.855538,mock_h3_688,True
ATM-0690,19.098213,72.906428,mock_h3_689,True
ATM-0691,19.057952,72.797094,mock_h3_690,True
ATM-0692,19.133966,72.900109,mock_h3_691,True
ATM-0693,19.021947,72.978215,mock_h3_692,True
ATM-0694,19.106797,72.808841,mock_h3_693,True
ATM-0695,19.105655,72.886485,mock_h3_694,True
ATM-0696,19.060523,72.843901,mock_h3_695,True
ATM-0697,19.092307,72.898294,mock_h3_696,True
ATM-0698,19.013444,72.877957,mock_h3_697,True
ATM-0699,19.122201,72.844926,mock_h3_698,True
ATM-0700,19.066755,72.901394,mock_h3_699,True
ATM-0701,19.049864,72.967217,mock_h3_700,True
ATM-0702,19.12845,72.867455,mock_h3_701,True
ATM-0703,19.040783,72.912988,mock_h3_702,True
ATM-0704,19.005577,72.812336,mock_h3_703,True
ATM-0705,18.998169,72.829178,mock_h3_704,True
ATM-0706,19.1063,72.90062,mock_h3_705,True
ATM-0707,19.011979,72.951206,mock_h3_706,True
ATM-0708,19.16374,72.894781,mock_h3_707,True
ATM-0709,18.971904,72.861347,mock_h3_708,True
ATM-0710,19.160823,72.876965,mock_h3_709,True
ATM-0711,19.086551,72.81448,mock_h3_710,True
ATM-0712,19.071164,72.907226,mock_h3_711,True
ATM-0713,19.048754,72.921117,mock_h3_712,True
ATM-0714,19.095957,72.854395,mock_h3_713,True
ATM-0715,19.074118,72.853498,mock_h3_714,True
ATM-0716,19.131165,72.890294,mock_h3_715,True
ATM-0717,19.081711,72.855164,mock_h3_716,True
ATM-0718,19.083515,72.873693,mock_h3_717,True
ATM-0719,19.057819,72.981986,mock_h3_718,True
ATM-0720,19.073153,72.864649,mock_h3_719,True
ATM-0721,19.09139,72.859083,mock_h3_720,True
ATM-0722,18.990492,72.844623,mock_h3_721,True
ATM-0723,19.008591,72.91421,mock_h3_722,True
ATM-0724,19.113163,72.867939,mock_h3_723,True
ATM-0725,19.084543,72.844531,mock_h3_724,True
ATM-0726,19.066801,72.943065,mock_h3_725,True
ATM-0727,19.076922,72.94798,mock_h3_726,True
ATM-0728,19.093379,72.846979,mock_h3_727,True
ATM-0729,19.049012,72.783673,mock_h3_728,True
ATM-0730,19.037085,72.927376,mock_h3_729,True
ATM-0731,19.085792,72.842769,mock_h3_730,True
ATM-0732,19.027081,72.916531,mock_h3_731,True
ATM-0733,19.096413,72.778495,mock_h3_732,True
ATM-0734,18.990871,72.92163,mock_h3_733,True
ATM-0735,19.127458,72.816441,mock_h3_734,True
ATM-0736,19.09963,72.913538,mock_h3_735,True
ATM-0737,19.088801,72.877714,mock_h3_736,True
ATM-0738,19.125135,72.829303,mock_h3_737,True
ATM-0739,19.159274,72.856648,mock_h3_738,True
ATM-0740,19.126719,72.911316,mock_h3_739,True
ATM-0741,18.983956,72.882295,mock_h3_740,True
ATM-0742,19.012021,72.906221,mock_h3_741,True
ATM-0743,19.044759,72.975822,mock_h3_742,True
ATM-0744,19.077305,72.798788,mock_h3_743,True
ATM-0745,19.101883,72.957861,mock_h3_744,True
ATM-0746,19.039713,72.882218,mock_h3_745,True
ATM-0747,19.085338,72.832061,mock_h3_746,True
ATM-0748,19.038231,72.810484,mock_h3_747,True
ATM-0749,19.045424,72.867544,mock_h3_748,True
ATM-0750,19.005667,72.923083,mock_h3_749,True
ATM-0751,19.029838,72.870623,mock_h3_750,True
ATM-0752,19.008416,72.952558,mock_h3_751,True
ATM-0753,19.027206,72.804441,mock_h3_752,True
ATM-0754,19.128682,72.876396,mock_h3_753,True
ATM-0755,19.02853,72.81438,mock_h3_754,True
ATM-0756,19.207619,72.895182,mock_h3_755,True
ATM-0757,19.100666,72.921344,mock_h3_756,True
ATM-0758,19.085242,72.855962,mock_h3_757,True
ATM-0759,19.033082,72.746789,mock_h3_758,True
ATM-0760,19.111015,72.886947,mock_h3_759,True
ATM-0761,19.047218,72.898837,mock_h3_760,True
ATM-0762,19.0821,72.897215,mock_h3_761,True
ATM-0763,19.204004,72.938789,mock_h3_762,True
ATM-0764,19.071197,72.823447,mock_h3_763,True
ATM-0765,19.133464,72.911011,mock_h3_764,True
ATM-0766,19.040841,72.936625,mock_h3_765,True
ATM-0767,19.074251,72.788071,mock_h3_766,True
ATM-0768,19.16454,72.892983,mock_h3_767,True
ATM-0769,19.044652,72.851791,mock_h3_768,True
ATM-0770,19.166622,72.872924,mock_h3_769,True
ATM-0771,19.111388,72.894384,mock_h3_770,True
ATM-0772,19.047877,72.852639,mock_h3_771,True
ATM-0773,19.10762,72.843215,mock_h3_772,True
ATM-0774,19.124628,72.878708,mock_h3_773,True
ATM-0775,19.10709,72.822638,mock_h3_774,True
ATM-0776,18.997489,72.822709,mock_h3_775,True
ATM-0777,19.039643,72.910969,mock_h3_776,True
ATM-0778,19.063624,72.81956,mock_h3_777,True
ATM-0779,19.072278,72.910316,mock_h3_778,True
ATM-0780,19.107034,72.90013,mock_h3_779,True
ATM-0781,19.084885,72.79071,mock_h3_780,True
ATM-0782,19.009233,72.843122,mock_h3_781,True
ATM-0783,19.09501,72.936705,mock_h3_782,True
ATM-0784,19.106529,72.827942,mock_h3_783,True
ATM-0785,19.10399,72.85378,mock_h3_784,True
ATM-0786,19.130039,72.900103,mock_h3_785,True
ATM-0787,19.117696,72.91617,mock_h3_786,True
ATM-0788,19.098959,72.864423,mock_h3_787,True
ATM-0789,19.072492,72.847124,mock_h3_788,True
ATM-0790,18.992952,72.948118,mock_h3_789,True
ATM-0791,19.097481,72.963945,mock_h3_790,True
ATM-0792,19.086384,72.925943,mock_h3_791,True
ATM-0793,19.089579,72.881266,mock_h3_792,True
ATM-0794,19.012163,72.836587,mock_h3_793,True
ATM-0795,19.021947,72.835478,mock_h3_794,True
ATM-0796,19.128658,72.903126,mock_h3_795,True
ATM-0797,19.074022,72.89792,mock_h3_796,True
ATM-0798,19.110075,72.94708,mock_h3_797,True
ATM-0799,19.077416,72.909523,mock_h3_798,True
ATM-0800,19.077488,72.801846,mock_h3_799,True
ATM-0801,19.122914,72.929597,mock_h3_800,True
ATM-0802,19.050198,72.827097,mock_h3_801,True
ATM-0803,19.080806,72.857801,mock_h3_802,True
ATM-0804,19.052886,72.88951,mock_h3_803,True
ATM-0805,19.054275,72.976783,mock_h3_804,True
ATM-0806,19.060541,73.032496,mock_h3_805,True
ATM-0807,19.087107,72.907336,mock_h3_806,True
ATM-0808,19.052063,72.86784,mock_h3_807,True
ATM-0809,19.138788,72.903725,mock_h3_808,True
ATM-0810,19.03127,72.921383,mock_h3_809,True
ATM-0811,19.066656,72.860967,mock_h3_810,True
ATM-0812,19.054013,72.966761,mock_h3_811,True
ATM-0813,19.148349,72.888504,mock_h3_812,True
ATM-0814,19.085828,72.901887,mock_h3_813,True
ATM-0815,19.127592,72.910296,mock_h3_814,True
ATM-0816,19.001722,72.898079,mock_h3_815,True
ATM-0817,19.089353,72.918947,mock_h3_816,True
ATM-0818,19.120482,72.846137,mock_h3_817,True
ATM-0819,19.080114,72.849085,mock_h3_818,True
ATM-0820,19.129274,72.821992,mock_h3_819,True
ATM-0821,19.050136,72.898975,mock_h3_820,True
ATM-0822,19.146467,72.915947,mock_h3_821,True
ATM-0823,19.190945,72.899889,mock_h3_822,True
ATM-0824,19.057858,72.960725,mock_h3_823,True
ATM-0825,19.053725,72.87672,mock_h3_824,True
ATM-0826,19.148669,72.910437,mock_h3_825,True
ATM-0827,19.154979,72.822415,mock_h3_826,True
ATM-0828,19.049857,72.857645,mock_h3_827,True
ATM-0829,19.054991,72.911777,mock_h3_828,True
ATM-0830,19.061911,72.919455,mock_h3_829,True
ATM-0831,19.008777,72.862302,mock_h3_830,True
ATM-0832,19.030067,72.87342,mock_h3_831,True
ATM-0833,19.025793,72.801106,mock_h3_832,True
ATM-0834,19.03761,72.859149,mock_h3_833,True
ATM-0835,19.074266,72.921519,mock_h3_834,True
ATM-0836,19.087711,72.90576,mock_h3_835,True
ATM-0837,19.153525,72.902033,mock_h3_836,True
ATM-0838,19.026082,72.879489,mock_h3_837,True
ATM-0839,19.125216,72.877353,mock_h3_838,True
ATM-0840,19.065301,72.843984,mock_h3_839,True
ATM-0841,19.073527,72.911941,mock_h3_840,True
ATM-0842,19.109741,72.898049,mock_h3_841,True
ATM-0843,19.019864,72.901601,mock_h3_842,True
ATM-0844,19.09512,72.850698,mock_h3_843,True
ATM-0845,19.084323,72.769333,mock_h3_844,True
ATM-0846,19.100623,72.931858,mock_h3_845,True
ATM-0847,19.090458,72.853058,mock_h3_846,True
ATM-0848,19.198765,72.833861,mock_h3_847,True
ATM-0849,19.044113,72.911674,mock_h3_848,True
ATM-0850,19.04945,72.857399,mock_h3_849,True
ATM-0851,19.044843,72.929997,mock_h3_850,True
ATM-0852,19.048226,72.90785,mock_h3_851,True
ATM-0853,19.044131,72.911178,mock_h3_852,True
ATM-0854,19.135451,72.808702,mock_h3_853,True
ATM-0855,19.147025,72.937597,mock_h3_854,True
ATM-0856,19.047463,72.890063,mock_h3_855,True
ATM-0857,19.034382,72.858536,mock_h3_856,True
ATM-0858,19.099571,72.884169,mock_h3_857,True
ATM-0859,19.048389,72.788188,mock_h3_858,True
ATM-0860,19.107647,72.897433,mock_h3_859,True
ATM-0861,19.086146,72.825531,mock_h3_860,True
ATM-0862,19.000213,72.809366,mock_h3_861,True
ATM-0863,19.153375,72.800882,mock_h3_862,True
ATM-0864,19.165794,72.932634,mock_h3_863,True
ATM-0865,19.045361,72.845537,mock_h3_864,True
ATM-0866,19.056615,72.953686,mock_h3_865,True
ATM-0867,19.090293,72.85021,mock_h3_866,True
ATM-0868,19.092723,72.791632,mock_h3_867,True
ATM-0869,19.108927,72.821174,mock_h3_868,True
ATM-0870,19.17651,72.938791,mock_h3_869,True
ATM-0871,19.067153,72.869205,mock_h3_870,True
ATM-0872,19.036085,72.849586,mock_h3_871,True
ATM-0873,19.007034,72.885001,mock_h3_872,True
ATM-0874,19.039453,72.902089,mock_h3_873,True
ATM-0875,19.074344,72.93287,mock_h3_874,True
ATM-0876,19.165728,72.949425,mock_h3_875,True
ATM-0877,19.050119,72.859012,mock_h3_876,True
ATM-0878,19.087189,72.810698,mock_h3_877,True
ATM-0879,19.075179,72.856327,mock_h3_878,True
ATM-0880,19.13542,72.890014,mock_h3_879,True
ATM-0881,19.202347,72.828812,mock_h3_880,True
ATM-0882,19.049457,72.829142,mock_h3_881,True
ATM-0883,19.051528,72.894189,mock_h3_882,True
ATM-0884,19.128208,72.874567,mock_h3_883,True
ATM-0885,19.110095,72.87864,mock_h3_884,True
ATM-0886,19.168335,72.839075,mock_h3_885,True
ATM-0887,19.105196,72.86548,mock_h3_886,True
ATM-0888,19.058035,72.830788,mock_h3_887,True
ATM-0889,19.105533,72.92151,mock_h3_888,True
ATM-0890,19.131435,72.928762,mock_h3_889,True
ATM-0891,19.117024,72.784691,mock_h3_890,True
ATM-0892,19.101364,72.830524,mock_h3_891,True
ATM-0893,19.129334,72.802174,mock_h3_892,True
ATM-0894,19.134465,72.844499,mock_h3_893,True
ATM-0895,19.145108,72.872828,mock_h3_894,True
ATM-0896,19.108435,72.804518,mock_h3_895,True
ATM-0897,19.067644,72.830907,mock_h3_896,True
ATM-0898,19.083336,72.826802,mock_h3_897,True
ATM-0899,19.136325,72.887363,mock_h3_898,True
ATM-0900,19.035153,72.880467,mock_h3_899,True
ATM-0901,19.094434,72.840913,mock_h3_900,True
ATM-0902,19.056333,72.885841,mock_h3_901,True
ATM-0903,19.077437,72.849666,mock_h3_902,True
ATM-0904,19.139923,72.863417,mock_h3_903,True
ATM-0905,19.085555,72.960673,mock_h3_904,True
ATM-0906,19.078322,72.944023,mock_h3_905,True
ATM-0907,19.008007,72.812021,mock_h3_906,True
ATM-0908,19.113313,72.918487,mock_h3_907,True
ATM-0909,19.108274,72.91757,mock_h3_908,True
ATM-0910,19.184163,72.819587,mock_h3_909,True
ATM-0911,19.060611,72.917939,mock_h3_910,True
ATM-0912,19.086958,72.953897,mock_h3_911,True
ATM-0913,19.088469,72.820873,mock_h3_912,True
ATM-0914,19.154873,72.831125,mock_h3_913,True
ATM-0915,19.071235,72.927883,mock_h3_914,True
ATM-0916,19.089951,72.890575,mock_h3_915,True
ATM-0917,19.106395,72.904574,mock_h3_916,True
ATM-0918,19.08533,72.894029,mock_h3_917,True
ATM-0919,19.053678,72.896535,mock_h3_918,True
ATM-0920,19.085704,72.810676,mock_h3_919,True
ATM-0921,19.129682,72.929366,mock_h3_920,True
ATM-0922,19.024674,72.935479,mock_h3_921,True
ATM-0923,19.082648,72.86553,mock_h3_922,True
ATM-0924,19.040994,72.874826,mock_h3_923,True
ATM-0925,19.135752,72.800445,mock_h3_924,True
ATM-0926,18.999841,72.902713,mock_h3_925,True
ATM-0927,19.048054,72.905603,mock_h3_926,True
ATM-0928,19.094861,72.87389,mock_h3_927,True
ATM-0929,19.154276,72.933218,mock_h3_928,True
ATM-0930,19.072712,72.860296,mock_h3_929,True
ATM-0931,19.04824,72.90523,mock_h3_930,True
ATM-0932,19.170058,72.826017,mock_h3_931,True
ATM-0933,19.003599,72.875822,mock_h3_932,True
ATM-0934,18.96606,72.868282,mock_h3_933,True
ATM-0935,19.098001,72.888265,mock_h3_934,True
ATM-0936,19.050897,72.858524,mock_h3_935,True
ATM-0937,19.024938,72.870426,mock_h3_936,True
ATM-0938,19.111418,72.918302,mock_h3_937,True
ATM-0939,19.08819,72.855162,mock_h3_938,True
ATM-0940,19.047796,72.796671,mock_h3_939,True
ATM-0941,19.011985,72.964479,mock_h3_940,True
ATM-0942,19.119623,72.946073,mock_h3_941,True
ATM-0943,19.10851,72.812387,mock_h3_942,True
ATM-0944,19.071041,72.911485,mock_h3_943,True
ATM-0945,19.168332,72.851851,mock_h3_944,True
ATM-0946,19.022496,72.890174,mock_h3_945,True
ATM-0947,18.999724,72.891711,mock_h3_946,True
ATM-0948,19.041405,72.86528,mock_h3_947,True
ATM-0949,19.073721,72.837812,mock_h3_948,True
ATM-0950,19.088167,72.842473,mock_h3_949,True
ATM-0951,19.063938,72.83119,mock_h3_950,True
ATM-0952,19.093603,72.835409,mock_h3_951,True
ATM-0953,19.013423,72.873641,mock_h3_952,True
ATM-0954,19.148188,72.841212,mock_h3_953,True
ATM-0955,19.071892,72.911103,mock_h3_954,True
ATM-0956,19.131865,72.951362,mock_h3_955,True
ATM-0957,19.093136,72.847997,mock_h3_956,True
ATM-0958,19.098838,72.88897,mock_h3_957,True
ATM-0959,19.104488,72.901984,mock_h3_958,True
ATM-0960,19.098385,72.9006,mock_h3_959,True
ATM-0961,19.108136,72.880798,mock_h3_960,True
ATM-0962,19.142458,72.914134,mock_h3_961,True
ATM-0963,19.085826,72.901112,mock_h3_962,True
ATM-0964,19.11145,72.815117,mock_h3_963,True
ATM-0965,19.071513,72.920458,mock_h3_964,True
ATM-0966,19.148006,72.921365,mock_h3_965,True
ATM-0967,19.04218,72.838836,mock_h3_966,True
ATM-0968,19.166047,72.878897,mock_h3_967,True
ATM-0969,19.073992,72.911166,mock_h3_968,True
ATM-0970,19.004461,72.866534,mock_h3_969,True
ATM-0971,19.082405,72.930649,mock_h3_970,True
ATM-0972,19.041947,72.995194,mock_h3_971,True
ATM-0973,19.118032,72.837701,mock_h3_972,True
ATM-0974,19.043369,72.807948,mock_h3_973,True
ATM-0975,19.053691,72.892191,mock_h3_974,True
ATM-0976,18.981523,72.913078,mock_h3_975,True
ATM-0977,19.053385,72.865457,mock_h3_976,True
ATM-0978,18.954806,72.949663,mock_h3_977,True
ATM-0979,18.996805,72.81007,mock_h3_978,True
ATM-0980,19.114021,72.911646,mock_h3_979,True
ATM-0981,19.11529,72.846707,mock_h3_980,True
ATM-0982,19.097273,72.962969,mock_h3_981,True
ATM-0983,19.027651,72.976626,mock_h3_982,True
ATM-0984,19.073614,72.838667,mock_h3_983,True
ATM-0985,19.07582,72.849522,mock_h3_984,True
ATM-0986,19.018082,72.919979,mock_h3_985,True
ATM-0987,19.15117,72.857643,mock_h3_986,True
ATM-0988,19.119868,72.874729,mock_h3_987,True
ATM-0989,19.064952,72.878269,mock_h3_988,True
ATM-0990,19.077344,72.781016,mock_h3_989,True
ATM-0991,19.086419,72.876308,mock_h3_990,True
ATM-0992,18.973913,72.842514,mock_h3_991,True
ATM-0993,19.063641,72.852344,mock_h3_992,True
ATM-0994,19.041901,72.949182,mock_h3_993,True
ATM-0995,19.025919,72.814175,mock_h3_994,True
ATM-0996,19.061945,72.91766,mock_h3_995,True
ATM-0997,19.165884,72.863052,mock_h3_996,True
ATM-0998,19.108042,72.863012,mock_h3_997,True
ATM-0999,19.047441,72.916519,mock_h3_998,True
ATM-1000,19.104629,72.894003,mock_h3_999,True
ATM-1001,19.145968,72.905531,mock_h3_1000,True
ATM-1002,19.122232,72.925409,mock_h3_1001,True
ATM-1003,19.078982,72.860435,mock_h3_1002,True
ATM-1004,19.043653,72.846388,mock_h3_1003,True
ATM-1005,19.110911,72.822742,mock_h3_1004,True
ATM-1006,19.095674,72.835729,mock_h3_1005,True
ATM-1007,19.12076,73.024455,mock_h3_1006,True
ATM-1008,19.107759,72.939234,mock_h3_1007,True
ATM-1009,19.128478,72.809446,mock_h3_1008,True
ATM-1010,19.049238,72.810877,mock_h3_1009,True
ATM-1011,19.14187,72.901093,mock_h3_1010,True
ATM-1012,19.08588,72.904363,mock_h3_1011,True
ATM-1013,19.179763,72.904444,mock_h3_1012,True
ATM-1014,19.041541,72.864252,mock_h3_1013,True
ATM-1015,19.162798,72.870727,mock_h3_1014,True
ATM-1016,19.085896,72.893394,mock_h3_1015,True
ATM-1017,19.043429,72.881295,mock_h3_1016,True
ATM-1018,19.051806,72.766035,mock_h3_1017,True
ATM-1019,19.059983,72.86551,mock_h3_1018,True
ATM-1020,19.097208,72.83443,mock_h3_1019,True
ATM-1021,19.102142,72.885761,mock_h3_1020,True
ATM-1022,19.047315,73.026263,mock_h3_1021,True
ATM-1023,19.074782,72.895374,mock_h3_1022,True
ATM-1024,19.183114,72.861324,mock_h3_1023,True
ATM-1025,19.162377,72.92309,mock_h3_1024,True
ATM-1026,19.097816,72.901134,mock_h3_1025,True
ATM-1027,19.0779,72.898005,mock_h3_1026,True
ATM-1028,19.082002,72.907343,mock_h3_1027,True
ATM-1029,19.106676,72.979827,mock_h3_1028,True
ATM-1030,19.02486,72.820456,mock_h3_1029,True
ATM-1031,19.063131,72.900682,mock_h3_1030,True
ATM-1032,18.992571,72.830681,mock_h3_1031,True
ATM-1033,19.095961,72.904776,mock_h3_1032,True
ATM-1034,19.10836,72.831066,mock_h3_1033,True
ATM-1035,19.051841,72.856132,mock_h3_1034,True
ATM-1036,19.154699,72.862246,mock_h3_1035,True
ATM-1037,19.014712,72.925791,mock_h3_1036,True
ATM-1038,19.002781,72.922923,mock_h3_1037,True
ATM-1039,19.087223,72.814714,mock_h3_1038,True
ATM-1040,19.128355,72.879747,mock_h3_1039,True
ATM-1041,19.160196,72.841521,mock_h3_1040,True
ATM-1042,19.053056,72.814075,mock_h3_1041,True
ATM-1043,19.129934,72.866149,mock_h3_1042,True
ATM-1044,19.074075,72.861576,mock_h3_1043,True
ATM-1045,19.067369,72.998336,mock_h3_1044,True
ATM-1046,19.120183,72.898648,mock_h3_1045,True
ATM-1047,19.108616,72.808119,mock_h3_1046,True
ATM-1048,18.99718,72.848761,mock_h3_1047,True
ATM-1049,19.149827,72.928069,mock_h3_1048,True
ATM-1050,19.145005,72.981422,mock_h3_1049,True
ATM-1051,19.044722,72.797701,mock_h3_1050,True
ATM-1052,19.09579,72.783004,mock_h3_1051,True
ATM-1053,19.100702,72.970548,mock_h3_1052,True
ATM-1054,19.089034,72.896481,mock_h3_1053,True
ATM-1055,19.048485,72.833585,mock_h3_1054,True
ATM-1056,19.042419,72.903731,mock_h3_1055,True
ATM-1057,19.074722,72.745213,mock_h3_1056,True
ATM-1058,19.134636,72.877169,mock_h3_1057,True
ATM-1059,19.10318,72.893391,mock_h3_1058,True
ATM-1060,19.057469,72.923214,mock_h3_1059,True
ATM-1061,19.114585,72.826305,mock_h3_1060,True
ATM-1062,18.933573,72.881284,mock_h3_1061,True
ATM-1063,19.133438,72.830729,mock_h3_1062,True
ATM-1064,18.989014,72.889769,mock_h3_1063,True
ATM-1065,19.057878,72.832233,mock_h3_1064,True
ATM-1066,19.020017,72.856595,mock_h3_1065,True
ATM-1067,19.011266,72.827209,mock_h3_1066,True
ATM-1068,19.134041,72.909557,mock_h3_1067,True
ATM-1069,19.052615,72.919923,mock_h3_1068,True
ATM-1070,19.093325,72.865269,mock_h3_1069,True
ATM-1071,19.073654,72.878912,mock_h3_1070,True
ATM-1072,19.099852,72.80457,mock_h3_1071,True
ATM-1073,19.079841,72.862016,mock_h3_1072,True
ATM-1074,19.01185,72.87449,mock_h3_1073,True
ATM-1075,19.125813,73.00804,mock_h3_1074,True
ATM-1076,19.051312,72.821402,mock_h3_1075,True
ATM-1077,18.998171,72.950209,mock_h3_1076,True
ATM-1078,19.054594,72.926843,mock_h3_1077,True
ATM-1079,19.151038,72.891032,mock_h3_1078,True
ATM-1080,19.118511,72.964931,mock_h3_1079,True
ATM-1081,19.058567,72.895605,mock_h3_1080,True
ATM-1082,19.058537,72.896458,mock_h3_1081,True
ATM-1083,19.059918,72.874344,mock_h3_1082,True
ATM-1084,19.179837,72.938178,mock_h3_1083,True
ATM-1085,19.095097,72.931823,mock_h3_1084,True
ATM-1086,19.097502,72.845716,mock_h3_1085,True
ATM-1087,19.127514,72.811038,mock_h3_1086,True
ATM-1088,19.087939,72.866851,mock_h3_1087,True
ATM-1089,19.063048,72.836998,mock_h3_1088,True
ATM-1090,19.066183,72.873824,mock_h3_1089,True
ATM-1091,19.07242,72.938872,mock_h3_1090,True
ATM-1092,19.074139,72.854135,mock_h3_1091,True
ATM-1093,19.112381,72.874859,mock_h3_1092,True
ATM-1094,19.078597,72.879901,mock_h3_1093,True
ATM-1095,19.112632,72.919422,mock_h3_1094,True
ATM-1096,19.071964,72.764656,mock_h3_1095,True
ATM-1097,19.079932,72.846665,mock_h3_1096,True
ATM-1098,18.97609,72.887564,mock_h3_1097,True
ATM-1099,19.121816,72.937004,mock_h3_1098,True
ATM-1100,19.093324,72.852405,mock_h3_1099,True
ATM-1101,19.125901,72.783172,mock_h3_1100,True
ATM-1102,18.931187,72.907986,mock_h3_1101,True
ATM-1103,19.180419,72.845232,mock_h3_1102,True
ATM-1104,19.069021,72.817517,mock_h3_1103,True
ATM-1105,19.131409,72.845783,mock_h3_1104,True
ATM-1106,19.024005,72.867774,mock_h3_1105,True
ATM-1107,19.106639,72.846763,mock_h3_1106,True
ATM-1108,19.023329,72.766722,mock_h3_1107,True
ATM-1109,19.044812,72.921853,mock_h3_1108,True
ATM-1110,19.171702,72.940744,mock_h3_1109,True
ATM-1111,19.066466,72.909576,mock_h3_1110,True
ATM-1112,19.086872,72.820116,mock_h3_1111,True
ATM-1113,19.119503,72.866925,mock_h3_1112,True
ATM-1114,19.100784,72.876674,mock_h3_1113,True
ATM-1115,19.083521,72.90694,mock_h3_1114,True
ATM-1116,19.094248,72.910417,mock_h3_1115,True
ATM-1117,19.196171,72.840291,mock_h3_1116,True
ATM-1118,19.073119,72.8811,mock_h3_1117,True
ATM-1119,19.086055,72.899864,mock_h3_1118,True
ATM-1120,19.128533,72.949791,mock_h3_1119,True
ATM-1121,19.131276,72.912225,mock_h3_1120,True
ATM-1122,19.135352,72.916453,mock_h3_1121,True
ATM-1123,19.107937,72.881191,mock_h3_1122,True
ATM-1124,19.01885,72.947523,mock_h3_1123,True
ATM-1125,19.157672,72.897488,mock_h3_1124,True
ATM-1126,19.018683,72.833946,mock_h3_1125,True
ATM-1127,19.091132,72.947168,mock_h3_1126,True
ATM-1128,19.038286,72.911895,mock_h3_1127,True
ATM-1129,19.072793,72.854848,mock_h3_1128,True
ATM-1130,19.092438,72.853025,mock_h3_1129,True
ATM-1131,19.092068,72.891829,mock_h3_1130,True
ATM-1132,19.097096,72.900159,mock_h3_1131,True
ATM-1133,19.156686,72.886865,mock_h3_1132,True
ATM-1134,19.098677,72.892565,mock_h3_1133,True
ATM-1135,19.063792,72.961998,mock_h3_1134,True
ATM-1136,19.124204,72.930577,mock_h3_1135,True
ATM-1137,19.135474,72.886532,mock_h3_1136,True
ATM-1138,19.01462,72.924066,mock_h3_1137,True
ATM-1139,19.10587,72.825374,mock_h3_1138,True
ATM-1140,19.111059,72.896896,mock_h3_1139,True
ATM-1141,19.061122,72.967465,mock_h3_1140,True
ATM-1142,19.144785,72.866098,mock_h3_1141,True
ATM-1143,19.068497,72.834618,mock_h3_1142,True
ATM-1144,19.082279,72.844396,mock_h3_1143,True
ATM-1145,19.067346,72.822518,mock_h3_1144,True
ATM-1146,19.076779,72.837762,mock_h3_1145,True
ATM-1147,19.021186,72.858475,mock_h3_1146,True
ATM-1148,19.003997,72.806722,mock_h3_1147,True
ATM-1149,19.155725,72.877781,mock_h3_1148,True
ATM-1150,19.033652,72.922114,mock_h3_1149,True
ATM-1151,19.02643,72.831612,mock_h3_1150,True
ATM-1152,18.96833,72.952964,mock_h3_1151,True
ATM-1153,19.044052,72.90254,mock_h3_1152,True
ATM-1154,19.009846,72.928529,mock_h3_1153,True
ATM-1155,19.158101,72.844108,mock_h3_1154,True
ATM-1156,19.126491,72.919726,mock_h3_1155,True
ATM-1157,19.041592,72.822403,mock_h3_1156,True
ATM-1158,19.188622,72.921512,mock_h3_1157,True
ATM-1159,19.125088,72.885592,mock_h3_1158,True
ATM-1160,19.059758,72.904663,mock_h3_1159,True
ATM-1161,18.95103,72.81822,mock_h3_1160,True
ATM-1162,19.190547,72.832247,mock_h3_1161,True
ATM-1163,19.006521,72.906861,mock_h3_1162,True
ATM-1164,18.99373,72.829583,mock_h3_1163,True
ATM-1165,19.127129,72.90016,mock_h3_1164,True
ATM-1166,19.197988,72.808643,mock_h3_1165,True
ATM-1167,19.145214,72.919409,mock_h3_1166,True
ATM-1168,19.104195,72.815374,mock_h3_1167,True
ATM-1169,19.105738,72.904615,mock_h3_1168,True
ATM-1170,19.118671,72.908282,mock_h3_1169,True
ATM-1171,19.113946,72.842161,mock_h3_1170,True
ATM-1172,19.09006,72.906101,mock_h3_1171,True
ATM-1173,19.08121,72.890022,mock_h3_1172,True
ATM-1174,19.07287,72.850058,mock_h3_1173,True
ATM-1175,19.038302,72.826572,mock_h3_1174,True
ATM-1176,19.061966,72.778869,mock_h3_1175,True
ATM-1177,18.991352,72.894483,mock_h3_1176,True
ATM-1178,19.071083,72.79876,mock_h3_1177,True
ATM-1179,19.02657,72.881767,mock_h3_1178,True
ATM-1180,19.020821,72.863828,mock_h3_1179,True
ATM-1181,19.084995,72.910957,mock_h3_1180,True
ATM-1182,19.1456,72.861898,mock_h3_1181,True
ATM-1183,19.121916,72.860528,mock_h3_1182,True
ATM-1184,18.997475,72.913594,mock_h3_1183,True
ATM-1185,19.026519,72.893753,mock_h3_1184,True
ATM-1186,19.123039,72.892808,mock_h3_1185,True
ATM-1187,19.026876,72.900463,mock_h3_1186,True
ATM-1188,19.064768,72.800221,mock_h3_1187,True
ATM-1189,19.103503,72.914839,mock_h3_1188,True
ATM-1190,19.027583,72.907623,mock_h3_1189,True
ATM-1191,19.081269,72.826166,mock_h3_1190,True
ATM-1192,19.009299,72.864796,mock_h3_1191,True
ATM-1193,19.045932,72.875035,mock_h3_1192,True
ATM-1194,19.091989,72.870275,mock_h3_1193,True
ATM-1195,18.99635,72.893693,mock_h3_1194,True
ATM-1196,19.098024,72.948568,mock_h3_1195,True
ATM-1197,19.075018,72.931088,mock_h3_1196,True
ATM-1198,19.103624,72.811389,mock_h3_1197,True
ATM-1199,19.087196,72.908103,mock_h3_1198,True
ATM-1200,19.144207,72.943447,mock_h3_1199,True
ATM-1201,19.082261,72.89634,mock_h3_1200,True
ATM-1202,19.05453,72.931549,mock_h3_1201,True
ATM-1203,19.082115,72.977614,mock_h3_1202,True
ATM-1204,19.103165,72.928185,mock_h3_1203,True
ATM-1205,19.078443,72.889465,mock_h3_1204,True
ATM-1206,19.07803,72.929254,mock_h3_1205,True
ATM-1207,19.0409,72.884244,mock_h3_1206,True
ATM-1208,19.042855,72.878195,mock_h3_1207,True
ATM-1209,19.00587,72.859429,mock_h3_1208,True
ATM-1210,19.163479,72.955171,mock_h3_1209,True
ATM-1211,19.013807,72.836079,mock_h3_1210,True
ATM-1212,19.041355,72.953618,mock_h3_1211,True
ATM-1213,19.04008,72.901993,mock_h3_1212,True
ATM-1214,19.120746,72.807035,mock_h3_1213,True
ATM-1215,19.061253,72.895382,mock_h3_1214,True
ATM-1216,19.138387,72.771999,mock_h3_1215,True
ATM-1217,19.042325,72.908275,mock_h3_1216,True
ATM-1218,19.08995,72.921262,mock_h3_1217,True
ATM-1219,19.034233,72.847382,mock_h3_1218,True
ATM-1220,19.183257,72.883177,mock_h3_1219,True
ATM-1221,19.01662,72.974708,mock_h3_1220,True
ATM-1222,19.091491,72.851713,mock_h3_1221,True
ATM-1223,19.107689,72.824055,mock_h3_1222,True
ATM-1224,19.09669,72.951083,mock_h3_1223,True
ATM-1225,19.066736,72.975129,mock_h3_1224,True
ATM-1226,19.069509,72.877185,mock_h3_1225,True
ATM-1227,19.078191,72.927573,mock_h3_1226,True
ATM-1228,19.06865,72.944074,mock_h3_1227,True
ATM-1229,19.124194,72.839876,mock_h3_1228,True
ATM-1230,19.186526,72.852735,mock_h3_1229,True
ATM-1231,19.048125,72.938544,mock_h3_1230,True
ATM-1232,19.00751,72.961251,mock_h3_1231,True
ATM-1233,19.071586,72.905144,mock_h3_1232,True
ATM-1234,19.204985,72.833009,mock_h3_1233,True
ATM-1235,19.035816,72.976353,mock_h3_1234,True
ATM-1236,19.157956,72.850451,mock_h3_1235,True
ATM-1237,19.159885,72.860243,mock_h3_1236,True
ATM-1238,19.048321,72.894117,mock_h3_1237,True
ATM-1239,19.104449,72.954708,mock_h3_1238,True
ATM-1240,19.15742,72.919699,mock_h3_1239,True
ATM-1241,19.057044,72.897743,mock_h3_1240,True
ATM-1242,19.065821,72.900164,mock_h3_1241,True
ATM-1243,19.046916,72.879176,mock_h3_1242,True
ATM-1244,19.025262,72.904907,mock_h3_1243,True
ATM-1245,19.043536,72.750522,mock_h3_1244,True
ATM-1246,19.014803,72.86217,mock_h3_1245,True
ATM-1247,19.077704,72.889066,mock_h3_1246,True
ATM-1248,19.037501,72.819449,mock_h3_1247,True
ATM-1249,19.087689,72.896316,mock_h3_1248,True
ATM-1250,18.998205,72.866776,mock_h3_1249,True
ATM-1251,19.092544,72.964774,mock_h3_1250,True
ATM-1252,19.117676,72.955651,mock_h3_1251,True
ATM-1253,18.976313,72.85371,mock_h3_1252,True
ATM-1254,19.094703,72.869458,mock_h3_1253,True
ATM-1255,19.137383,72.873303,mock_h3_1254,True
ATM-1256,19.015518,72.854417,mock_h3_1255,True
ATM-1257,19.159629,72.886751,mock_h3_1256,True
ATM-1258,19.096951,72.839086,mock_h3_1257,True
ATM-1259,19.040749,72.820469,mock_h3_1258,True
ATM-1260,19.073212,72.908136,mock_h3_1259,True
ATM-1261,19.103916,72.908476,mock_h3_1260,True
ATM-1262,19.0798,72.836784,mock_h3_1261,True
ATM-1263,19.102938,72.921768,mock_h3_1262,True
ATM-1264,19.029966,72.845421,mock_h3_1263,True
ATM-1265,19.084468,72.889658,mock_h3_1264,True
ATM-1266,19.005314,72.918017,mock_h3_1265,True
ATM-1267,19.070439,72.875319,mock_h3_1266,True
ATM-1268,19.030805,72.899737,mock_h3_1267,True
ATM-1269,19.039224,72.851179,mock_h3_1268,True
ATM-1270,19.137805,72.867177,mock_h3_1269,True
ATM-1271,19.130566,72.866707,mock_h3_1270,True
ATM-1272,19.106457,72.839671,mock_h3_1271,True
ATM-1273,19.021384,72.868161,mock_h3_1272,True
ATM-1274,19.06018,72.799569,mock_h3_1273,True
ATM-1275,19.136655,72.852442,mock_h3_1274,True
ATM-1276,19.083086,72.862756,mock_h3_1275,True
ATM-1277,19.191966,72.864191,mock_h3_1276,True
ATM-1278,19.095666,72.864925,mock_h3_1277,True
ATM-1279,19.085602,72.873912,mock_h3_1278,True
ATM-1280,19.060544,72.900972,mock_h3_1279,True
ATM-1281,19.082677,72.920726,mock_h3_1280,True
ATM-1282,19.068377,72.844512,mock_h3_1281,True
ATM-1283,19.111405,72.81684,mock_h3_1282,True
ATM-1284,19.123835,72.824898,mock_h3_1283,True
ATM-1285,19.036701,72.85264,mock_h3_1284,True
ATM-1286,19.009438,72.859404,mock_h3_1285,True
ATM-1287,18.98419,72.8385,mock_h3_1286,True
ATM-1288,19.1014,72.812194,mock_h3_1287,True
ATM-1289,19.020832,72.854194,mock_h3_1288,True
ATM-1290,18.968355,72.886071,mock_h3_1289,True
ATM-1291,19.095429,72.906751,mock_h3_1290,True
ATM-1292,19.20065,72.849129,mock_h3_1291,True
ATM-1293,19.075696,72.85635,mock_h3_1292,True
ATM-1294,19.117925,72.830665,mock_h3_1293,True
ATM-1295,19.080091,72.875428,mock_h3_1294,True
ATM-1296,19.071056,72.834579,mock_h3_1295,True
ATM-1297,19.121954,72.905656,mock_h3_1296,True
ATM-1298,19.061486,72.787707,mock_h3_1297,True
ATM-1299,19.08937,72.859019,mock_h3_1298,True
ATM-1300,19.092085,72.892055,mock_h3_1299,True
ATM-1301,19.042595,72.886192,mock_h3_1300,True
ATM-1302,19.125602,73.011652,mock_h3_1301,True
ATM-1303,19.067252,72.89449,mock_h3_1302,True
ATM-1304,19.038213,72.826797,mock_h3_1303,True
ATM-1305,19.102825,72.872227,mock_h3_1304,True
ATM-1306,19.031077,72.788188,mock_h3_1305,True
ATM-1307,19.077409,72.87297,mock_h3_1306,True
ATM-1308,19.075544,72.835347,mock_h3_1307,True
ATM-1309,19.130295,72.92277,mock_h3_1308,True
ATM-1310,19.099735,72.849523,mock_h3_1309,True
ATM-1311,19.074749,72.871162,mock_h3_1310,True
ATM-1312,19.116888,72.845222,mock_h3_1311,True
ATM-1313,19.14551,72.963943,mock_h3_1312,True
ATM-1314,19.103891,72.860938,mock_h3_1313,True
ATM-1315,19.076518,72.968628,mock_h3_1314,True
ATM-1316,19.010408,72.917708,mock_h3_1315,True
ATM-1317,19.022744,72.901103,mock_h3_1316,True
ATM-1318,19.060739,72.895437,mock_h3_1317,True
ATM-1319,19.045524,72.89669,mock_h3_1318,True
ATM-1320,19.066651,72.780616,mock_h3_1319,True
ATM-1321,19.078832,72.863056,mock_h3_1320,True
ATM-1322,19.102485,72.919258,mock_h3_1321,True
ATM-1323,19.072475,72.874555,mock_h3_1322,True
ATM-1324,19.100325,72.806741,mock_h3_1323,True
ATM-1325,19.079224,72.87438,mock_h3_1324,True
ATM-1326,18.977227,72.962205,mock_h3_1325,True
ATM-1327,19.029033,72.939345,mock_h3_1326,True
ATM-1328,19.068796,72.8739,mock_h3_1327,True
ATM-1329,19.015515,72.924572,mock_h3_1328,True
ATM-1330,19.105996,72.858675,mock_h3_1329,True
ATM-1331,19.152538,72.791806,mock_h3_1330,True
ATM-1332,19.136938,72.830777,mock_h3_1331,True
ATM-1333,19.065328,72.955144,mock_h3_1332,True
ATM-1334,19.150536,72.8633,mock_h3_1333,True
ATM-1335,19.083433,72.864831,mock_h3_1334,True
ATM-1336,19.059146,72.862008,mock_h3_1335,True
ATM-1337,19.04533,72.972207,mock_h3_1336,True
ATM-1338,19.060877,72.958298,mock_h3_1337,True
ATM-1339,19.056591,72.987939,mock_h3_1338,True
ATM-1340,19.084521,72.869048,mock_h3_1339,True
ATM-1341,19.084029,72.891781,mock_h3_1340,True
ATM-1342,19.076152,72.801168,mock_h3_1341,True
ATM-1343,19.097847,72.950847,mock_h3_1342,True
ATM-1344,19.135532,72.818611,mock_h3_1343,True
ATM-1345,19.123478,72.887839,mock_h3_1344,True
ATM-1346,19.001755,72.822135,mock_h3_1345,True
ATM-1347,18.948304,72.847557,mock_h3_1346,True
ATM-1348,19.122716,72.835137,mock_h3_1347,True
ATM-1349,19.007656,72.846606,mock_h3_1348,True
ATM-1350,19.064762,72.850044,mock_h3_1349,True
ATM-1351,19.017494,72.849587,mock_h3_1350,True
ATM-1352,18.985901,72.918667,mock_h3_1351,True
ATM-1353,19.103073,72.821757,mock_h3_1352,True
ATM-1354,19.113958,72.888027,mock_h3_1353,True
ATM-1355,19.047174,72.937898,mock_h3_1354,True
ATM-1356,18.946448,72.85134,mock_h3_1355,True
ATM-1357,19.048688,72.841104,mock_h3_1356,True
ATM-1358,19.09559,72.865474,mock_h3_1357,True
ATM-1359,19.002054,72.935986,mock_h3_1358,True
ATM-1360,19.085168,72.886705,mock_h3_1359,True
ATM-1361,19.075235,72.850439,mock_h3_1360,True
ATM-1362,19.104965,72.901194,mock_h3_1361,True
ATM-1363,19.081979,72.821885,mock_h3_1362,True
ATM-1364,19.027347,72.911068,mock_h3_1363,True
ATM-1365,19.135829,72.89743,mock_h3_1364,True
ATM-1366,19.068074,72.86161,mock_h3_1365,True
ATM-1367,19.074635,72.835071,mock_h3_1366,True
ATM-1368,19.029337,72.832666,mock_h3_1367,True
ATM-1369,19.053836,72.903741,mock_h3_1368,True
ATM-1370,19.03176,72.938449,mock_h3_1369,True
ATM-1371,19.067353,72.845135,mock_h3_1370,True
ATM-1372,19.161585,72.899919,mock_h3_1371,True
ATM-1373,19.007405,72.772649,mock_h3_1372,True
ATM-1374,18.995322,72.847769,mock_h3_1373,True
ATM-1375,19.149559,72.875447,mock_h3_1374,True
ATM-1376,19.065534,72.831516,mock_h3_1375,True
ATM-1377,19.042546,72.830175,mock_h3_1376,True
ATM-1378,19.127995,72.843611,mock_h3_1377,True
ATM-1379,19.045719,72.89161,mock_h3_1378,True
ATM-1380,19.1673,72.867634,mock_h3_1379,True
ATM-1381,19.109896,72.765088,mock_h3_1380,True
ATM-1382,19.051604,72.770965,mock_h3_1381,True
ATM-1383,19.183865,72.846657,mock_h3_1382,True
ATM-1384,19.045714,72.899884,mock_h3_1383,True
ATM-1385,19.113105,72.739625,mock_h3_1384,True
ATM-1386,19.090965,72.852013,mock_h3_1385,True
ATM-1387,19.141087,72.850688,mock_h3_1386,True
ATM-1388,19.154076,72.946417,mock_h3_1387,True
ATM-1389,19.0776,72.857749,mock_h3_1388,True
ATM-1390,19.038329,72.896149,mock_h3_1389,True
ATM-1391,19.098999,72.884063,mock_h3_1390,True
ATM-1392,19.042114,72.770472,mock_h3_1391,True
ATM-1393,19.176669,72.91541,mock_h3_1392,True
ATM-1394,19.082827,72.88777,mock_h3_1393,True
ATM-1395,19.057734,72.902413,mock_h3_1394,True
ATM-1396,19.085234,73.073312,mock_h3_1395,True
ATM-1397,19.008644,72.772794,mock_h3_1396,True
ATM-1398,19.027419,72.963235,mock_h3_1397,True
ATM-1399,19.136021,72.862628,mock_h3_1398,True
ATM-1400,19.043155,72.891366,mock_h3_1399,True
ATM-1401,19.023654,72.874724,mock_h3_1400,True
ATM-1402,19.102833,72.855788,mock_h3_1401,True
ATM-1403,19.135285,72.848508,mock_h3_1402,True
ATM-1404,19.111948,72.893475,mock_h3_1403,True
ATM-1405,19.125802,72.801141,mock_h3_1404,True
ATM-1406,19.03816,72.914529,mock_h3_1405,True
ATM-1407,19.004909,72.85619,mock_h3_1406,True
ATM-1408,19.151067,72.820497,mock_h3_1407,True
ATM-1409,19.059866,72.854499,mock_h3_1408,True
ATM-1410,19.063458,72.939857,mock_h3_1409,True
ATM-1411,19.14241,72.850233,mock_h3_1410,True
ATM-1412,19.103812,72.894923,mock_h3_1411,True
ATM-1413,19.098794,72.840452,mock_h3_1412,True
ATM-1414,19.18425,72.914896,mock_h3_1413,True
ATM-1415,19.043824,72.911275,mock_h3_1414,True
ATM-1416,19.122392,72.96943,mock_h3_1415,True
ATM-1417,19.078851,72.868222,mock_h3_1416,True
ATM-1418,19.08943,72.910433,mock_h3_1417,True
ATM-1419,19.152423,72.881903,mock_h3_1418,True
ATM-1420,19.101392,72.941794,mock_h3_1419,True
ATM-1421,19.102915,72.841058,mock_h3_1420,True
ATM-1422,19.129625,72.91425,mock_h3_1421,True
ATM-1423,19.057752,72.867265,mock_h3_1422,True
ATM-1424,19.03404,72.873791,mock_h3_1423,True
ATM-1425,19.02376,72.881588,mock_h3_1424,True
ATM-1426,18.977682,72.889612,mock_h3_1425,True
ATM-1427,19.17881,72.871189,mock_h3_1426,True
ATM-1428,19.02084,72.887736,mock_h3_1427,True
ATM-1429,19.064937,72.955906,mock_h3_1428,True
ATM-1430,19.062159,72.926272,mock_h3_1429,True
ATM-1431,19.09137,72.920458,mock_h3_1430,True
ATM-1432,19.116787,72.854223,mock_h3_1431,True
ATM-1433,19.119024,72.832538,mock_h3_1432,True
ATM-1434,19.046846,72.924765,mock_h3_1433,True
ATM-1435,19.067644,72.920802,mock_h3_1434,True
ATM-1436,19.090129,72.950634,mock_h3_1435,True
ATM-1437,19.063565,72.846801,mock_h3_1436,True
ATM-1438,19.156367,72.865523,mock_h3_1437,True
ATM-1439,19.100549,72.795026,mock_h3_1438,True
ATM-1440,19.112744,72.857376,mock_h3_1439,True
ATM-1441,19.109144,72.926829,mock_h3_1440,True
ATM-1442,19.134674,72.853675,mock_h3_1441,True
ATM-1443,19.085051,72.909024,mock_h3_1442,True
ATM-1444,19.011158,72.867475,mock_h3_1443,True
ATM-1445,19.095984,72.893203,mock_h3_1444,True
ATM-1446,19.043432,72.819615,mock_h3_1445,True
ATM-1447,19.049569,72.88126,mock_h3_1446,True
ATM-1448,19.105318,72.727443,mock_h3_1447,True
ATM-1449,19.137914,72.867655,mock_h3_1448,True
ATM-1450,19.077064,72.795476,mock_h3_1449,True
ATM-1451,19.091442,72.9373,mock_h3_1450,True
ATM-1452,19.161111,72.91587,mock_h3_1451,True
ATM-1453,19.088038,72.900334,mock_h3_1452,True
ATM-1454,19.206084,72.95305,mock_h3_1453,True
ATM-1455,19.104275,72.829554,mock_h3_1454,True
ATM-1456,18.987962,72.964368,mock_h3_1455,True
ATM-1457,19.113667,72.92361,mock_h3_1456,True
ATM-1458,19.095058,72.865172,mock_h3_1457,True
ATM-1459,19.140488,72.933781,mock_h3_1458,True
ATM-1460,19.109659,72.821685,mock_h3_1459,True
ATM-1461,19.069077,72.835774,mock_h3_1460,True
ATM-1462,19.014785,72.846571,mock_h3_1461,True
ATM-1463,19.065549,72.850551,mock_h3_1462,True
ATM-1464,19.033474,72.824172,mock_h3_1463,True
ATM-1465,19.046974,72.938154,mock_h3_1464,True
ATM-1466,19.105429,72.864057,mock_h3_1465,True
ATM-1467,19.159495,72.894625,mock_h3_1466,True
ATM-1468,19.095734,72.848482,mock_h3_1467,True
ATM-1469,19.016206,72.78597,mock_h3_1468,True
ATM-1470,19.09823,72.890503,mock_h3_1469,True
ATM-1471,19.135832,72.781387,mock_h3_1470,True
ATM-1472,19.045511,72.873568,mock_h3_1471,True
ATM-1473,19.069299,72.808584,mock_h3_1472,True
ATM-1474,19.076734,72.976364,mock_h3_1473,True
ATM-1475,19.036755,72.922568,mock_h3_1474,True
ATM-1476,19.108414,72.882288,mock_h3_1475,True
ATM-1477,19.069953,72.940185,mock_h3_1476,True
ATM-1478,19.096977,72.834684,mock_h3_1477,True
ATM-1479,19.031625,72.904174,mock_h3_1478,True
ATM-1480,19.054127,72.886991,mock_h3_1479,True
ATM-1481,19.112119,72.890201,mock_h3_1480,True
ATM-1482,19.057358,72.940618,mock_h3_1481,True
ATM-1483,19.162348,72.913625,mock_h3_1482,True
ATM-1484,19.056018,72.891436,mock_h3_1483,True
ATM-1485,19.087234,72.794256,mock_h3_1484,True
ATM-1486,19.12263,72.828998,mock_h3_1485,True
ATM-1487,19.005082,72.870865,mock_h3_1486,True
ATM-1488,18.98796,72.881669,mock_h3_1487,True
ATM-1489,18.999717,72.82049,mock_h3_1488,True
ATM-1490,19.139129,72.997584,mock_h3_1489,True
ATM-1491,19.048407,72.95282,mock_h3_1490,True
ATM-1492,19.20391,72.907106,mock_h3_1491,True
ATM-1493,19.047788,72.880602,mock_h3_1492,True
ATM-1494,19.085228,72.86639,mock_h3_1493,True
ATM-1495,19.153105,72.829404,mock_h3_1494,True
ATM-1496,19.176305,72.880874,mock_h3_1495,True
ATM-1497,19.179075,72.889888,mock_h3_1496,True
ATM-1498,19.136418,72.814912,mock_h3_1497,True
ATM-1499,19.127203,72.893709,mock_h3_1498,True
ATM-1500,19.105626,72.869237,mock_h3_1499,True
