withdrawal_id,account_id,atm_id,amount,timestamp,is_fraud,case_id,is_synthetic
WD-000001,ACC-00768,ATM-075,600.07,2026-08-12 00:00:00,0,,True
WD-000002,ACC-00979,ATM-026,827.36,2026-08-26 03:00:00,0,,True
WD-000003,ACC-00976,ATM-013,2476.6,2026-08-23 04:00:00,0,,True
WD-000004,ACC-00255,ATM-060,4171.49,2026-08-17 02:00:00,0,,True
WD-000005,ACC-00448,ATM-047,1133.58,2026-08-18 20:00:00,0,,True
WD-000006,ACC-00686,ATM-152,3016.09,2026-08-22 18:00:00,0,,True
WD-000007,ACC-00934,ATM-030,4978.79,2026-08-27 12:00:00,0,,True
WD-000008,ACC-00069,ATM-183,4130.48,2026-09-02 07:00:00,0,,True
WD-000009,ACC-00905,ATM-111,4255.8,2026-08-10 15:00:00,0,,True
WD-000010,ACC-00143,ATM-007,1150.28,2026-09-08 20:00:00,0,,True
WD-000011,ACC-00472,ATM-139,4236.83,2026-09-07 10:00:00,0,,True
WD-000012,ACC-00421,ATM-015,4221.03,2026-08-19 15:00:00,0,,True
WD-000013,ACC-00676,ATM-008,3191.04,2026-08-19 16:00:00,0,,True
WD-000014,ACC-00266,ATM-025,4263.13,2026-08-12 19:00:00,0,,True
WD-000015,ACC-00967,ATM-022,1252.53,2026-08-19 14:00:00,0,,True
WD-000016,ACC-00769,ATM-158,2900.66,2026-08-21 20:00:00,0,,True
WD-000017,ACC-00907,ATM-200,2965.09,2026-08-13 08:00:00,0,,True
WD-000018,ACC-00919,ATM-029,509.15,2026-08-27 12:00:00,0,,True
WD-000019,ACC-00749,ATM-138,2567.88,2026-08-23 03:00:00,0,,True
WD-000020,ACC-00951,ATM-170,2590.27,2026-08-15 10:00:00,0,,True
WD-000021,ACC-00994,ATM-140,4647.57,2026-08-13 04:00:00,0,,True
WD-000022,ACC-00312,ATM-137,777.38,2026-08-17 09:00:00,0,,True
WD-000023,ACC-00463,ATM-092,2657.54,2026-08-18 05:00:00,0,,True
WD-000024,ACC-00585,ATM-113,4865.34,2026-08-29 22:00:00,0,,True
WD-000025,ACC-00955,ATM-003,2741.59,2026-09-09 12:00:00,0,,True
WD-000026,ACC-00266,ATM-139,329.43,2026-08-26 02:00:00,0,,True
WD-000027,ACC-00485,ATM-171,559.12,2026-08-15 07:00:00,0,,True
WD-000028,ACC-00863,ATM-049,1963.22,2026-09-08 03:00:00,0,,True
WD-000029,ACC-00610,ATM-104,548.37,2026-08-20 15:00:00,0,,True
WD-000030,ACC-00087,ATM-041,2603.4,2026-08-25 15:00:00,0,,True
WD-000031,ACC-00837,ATM-152,1425.04,2026-09-04 17:00:00,0,,True
WD-000032,ACC-00687,ATM-109,2842.48,2026-08-25 08:00:00,0,,True
WD-000033,ACC-00475,ATM-186,3785.57,2026-08-22 15:00:00,0,,True
WD-000034,ACC-00953,ATM-123,3356.46,2026-09-09 04:00:00,0,,True
WD-000035,ACC-00045,ATM-151,1837.74,2026-08-19 09:00:00,0,,True
WD-000036,ACC-00265,ATM-023,3971.57,2026-08-28 09:00:00,0,,True
WD-000037,ACC-00364,ATM-110,315.7,2026-08-12 19:00:00,0,,True
WD-000038,ACC-00658,ATM-064,967.44,2026-08-31 15:00:00,0,,True
WD-000039,ACC-00916,ATM-177,2810.74,2026-09-03 02:00:00,0,,True
WD-000040,ACC-00741,ATM-097,1834.81,2026-08-16 22:00:00,0,,True
WD-000041,ACC-00595,ATM-169,3383.14,2026-08-29 07:00:00,0,,True
WD-000042,ACC-00300,ATM-164,321.32,2026-08-21 23:00:00,0,,True
WD-000043,ACC-00719,ATM-164,1486.9,2026-08-22 00:00:00,0,,True
WD-000044,ACC-00393,ATM-140,1318.41,2026-09-01 17:00:00,0,,True
WD-000045,ACC-00440,ATM-007,1401.66,2026-08-25 03:00:00,0,,True
WD-000046,ACC-00156,ATM-017,2275.34,2026-09-05 19:00:00,0,,True
WD-000047,ACC-00347,ATM-027,1991.08,2026-09-05 01:00:00,0,,True
WD-000048,ACC-00594,ATM-195,1291.47,2026-08-20 23:00:00,0,,True
WD-000049,ACC-00282,ATM-139,2778.89,2026-09-09 20:00:00,0,,True
WD-000050,ACC-00991,ATM-147,4804.76,2026-08-17 05:00:00,0,,True
WD-000051,ACC-00273,ATM-137,2060.64,2026-08-18 20:00:00,0,,True
WD-000052,ACC-00234,ATM-158,301.33,2026-08-28 08:00:00,0,,True
WD-000053,ACC-00265,ATM-102,2449.67,2026-08-16 20:00:00,0,,True
WD-000054,ACC-00456,ATM-155,2921.18,2026-08-28 12:00:00,0,,True
WD-000055,ACC-00639,ATM-017,536.99,2026-09-08 06:00:00,0,,True
WD-000056,ACC-00850,ATM-029,2973.84,2026-08-16 13:00:00,0,,True
WD-000057,ACC-00255,ATM-092,3339.79,2026-08-21 16:00:00,0,,True
WD-000058,ACC-00835,ATM-042,4993.04,2026-08-14 06:00:00,0,,True
WD-000059,ACC-00732,ATM-105,629.01,2026-09-03 21:00:00,0,,True
WD-000060,ACC-00737,ATM-105,4482.77,2026-08-31 07:00:00,0,,True
WD-000061,ACC-00255,ATM-012,4599.92,2026-08-30 19:00:00,0,,True
WD-000062,ACC-00524,ATM-025,2062.98,2026-08-16 14:00:00,0,,True
WD-000063,ACC-00023,ATM-043,1865.55,2026-08-11 04:00:00,0,,True
WD-000064,ACC-00769,ATM-078,2528.4,2026-09-02 09:00:00,0,,True
WD-000065,ACC-00632,ATM-025,2201.7,2026-08-21 11:00:00,0,,True
WD-000066,ACC-00894,ATM-050,3515.37,2026-09-02 12:00:00,0,,True
WD-000067,ACC-00807,ATM-146,2140.32,2026-08-14 10:00:00,0,,True
WD-000068,ACC-00482,ATM-194,3727.64,2026-08-12 13:00:00,0,,True
WD-000069,ACC-00067,ATM-198,2627.36,2026-08-19 04:00:00,0,,True
WD-000070,ACC-00609,ATM-138,2908.85,2026-08-23 16:00:00,0,,True
WD-000071,ACC-00043,ATM-140,2751.1,2026-08-11 13:00:00,0,,True
WD-000072,ACC-00003,ATM-103,2362.45,2026-08-24 08:00:00,0,,True
WD-000073,ACC-00100,ATM-070,490.14,2026-09-01 23:00:00,0,,True
WD-000074,ACC-00530,ATM-027,3957.66,2026-08-15 02:00:00,0,,True
WD-000075,ACC-00638,ATM-048,4603.67,2026-08-21 00:00:00,0,,True
WD-000076,ACC-00970,ATM-068,2774.98,2026-08-21 15:00:00,0,,True
WD-000077,ACC-00552,ATM-159,4043.36,2026-09-02 14:00:00,0,,True
WD-000078,ACC-00999,ATM-149,2039.56,2026-08-21 19:00:00,0,,True
WD-000079,ACC-00451,ATM-080,4658.52,2026-08-28 18:00:00,0,,True
WD-000080,ACC-00320,ATM-177,4473.36,2026-09-08 02:00:00,0,,True
WD-000081,ACC-00349,ATM-151,1379.97,2026-08-30 15:00:00,0,,True
WD-000082,ACC-00051,ATM-029,708.17,2026-09-05 13:00:00,0,,True
WD-000083,ACC-00614,ATM-174,984.85,2026-08-13 15:00:00,0,,True
WD-000084,ACC-00800,ATM-123,4973.95,2026-09-02 14:00:00,0,,True
WD-000085,ACC-00952,ATM-098,4456.85,2026-09-09 01:00:00,0,,True
WD-000086,ACC-00117,ATM-019,2424.96,2026-08-27 15:00:00,0,,True
WD-000087,ACC-00746,ATM-016,1212.64,2026-08-21 19:00:00,0,,True
WD-000088,ACC-00771,ATM-198,2820.67,2026-08-29 06:00:00,0,,True
WD-000089,ACC-00432,ATM-081,1317.91,2026-08-18 16:00:00,0,,True
WD-000090,ACC-00129,ATM-026,2621.87,2026-09-02 02:00:00,0,,True
WD-000091,ACC-00382,ATM-154,373.48,2026-08-26 12:00:00,0,,True
WD-000092,ACC-00051,ATM-007,3011.18,2026-08-20 18:00:00,0,,True
WD-000093,ACC-00309,ATM-035,1563.7,2026-08-23 04:00:00,0,,True
WD-000094,ACC-00184,ATM-013,1537.26,2026-08-29 00:00:00,0,,True
WD-000095,ACC-00699,ATM-071,3949.03,2026-08-17 19:00:00,0,,True
WD-000096,ACC-00629,ATM-112,2213.57,2026-08-28 11:00:00,0,,True
WD-000097,ACC-00335,ATM-112,1384.44,2026-09-10 03:00:00,0,,True
WD-000098,ACC-00323,ATM-109,4339.37,2026-08-25 22:00:00,0,,True
WD-000099,ACC-00349,ATM-138,4473.07,2026-08-22 22:00:00,0,,True
WD-000100,ACC-00802,ATM-079,3863.23,2026-08-11 05:00:00,0,,True
WD-000101,ACC-00197,ATM-130,4045.8,2026-09-09 23:00:00,0,,True
WD-000102,ACC-00134,ATM-063,4299.48,2026-08-30 04:00:00,0,,True
WD-000103,ACC-00819,ATM-104,4391.84,2026-08-16 08:00:00,0,,True
WD-000104,ACC-00875,ATM-163,1003.19,2026-08-28 02:00:00,0,,True
WD-000105,ACC-00718,ATM-075,365.54,2026-08-28 16:00:00,0,,True
WD-000106,ACC-00343,ATM-155,3080.38,2026-09-03 11:00:00,0,,True
WD-000107,ACC-00010,ATM-178,4666.39,2026-08-28 07:00:00,0,,True
WD-000108,ACC-00877,ATM-048,680.23,2026-09-06 03:00:00,0,,True
WD-000109,ACC-00186,ATM-196,4011.14,2026-08-27 21:00:00,0,,True
WD-000110,ACC-00711,ATM-169,2422.35,2026-08-29 08:00:00,0,,True
WD-000111,ACC-00783,ATM-081,3105.04,2026-08-29 12:00:00,0,,True
WD-000112,ACC-00107,ATM-021,966.7,2026-08-19 09:00:00,0,,True
WD-000113,ACC-00095,ATM-096,4562.52,2026-08-13 20:00:00,0,,True
WD-000114,ACC-00835,ATM-065,2713.7,2026-08-24 16:00:00,0,,True
WD-000115,ACC-00398,ATM-016,129.98,2026-08-12 19:00:00,0,,True
WD-000116,ACC-00016,ATM-028,2425.47,2026-08-25 00:00:00,0,,True
WD-000117,ACC-00493,ATM-183,2523.22,2026-08-24 08:00:00,0,,True
WD-000118,ACC-00201,ATM-021,947.16,2026-08-22 01:00:00,0,,True
WD-000119,ACC-00455,ATM-004,4661.83,2026-09-01 22:00:00,0,,True
WD-000120,ACC-00139,ATM-184,2101.89,2026-09-02 07:00:00,0,,True
WD-000121,ACC-00654,ATM-109,473.08,2026-08-18 09:00:00,0,,True
WD-000122,ACC-00942,ATM-043,362.01,2026-08-25 04:00:00,0,,True
WD-000123,ACC-00235,ATM-189,3822.64,2026-08-26 02:00:00,0,,True
WD-000124,ACC-00234,ATM-111,1794.02,2026-08-22 13:00:00,0,,True
WD-000125,ACC-00396,ATM-193,2708.22,2026-08-26 19:00:00,0,,True
WD-000126,ACC-00359,ATM-163,927.14,2026-09-01 20:00:00,0,,True
WD-000127,ACC-00180,ATM-080,726.79,2026-08-19 19:00:00,0,,True
WD-000128,ACC-00712,ATM-193,1239.55,2026-08-31 04:00:00,0,,True
WD-000129,ACC-00371,ATM-193,4901.75,2026-09-02 11:00:00,0,,True
WD-000130,ACC-00033,ATM-174,4728.41,2026-09-02 03:00:00,0,,True
WD-000131,ACC-00669,ATM-095,1497.51,2026-08-27 02:00:00,0,,True
WD-000132,ACC-00758,ATM-038,4362.36,2026-08-14 10:00:00,0,,True
WD-000133,ACC-00115,ATM-036,4727.88,2026-09-05 14:00:00,0,,True
WD-000134,ACC-00459,ATM-074,3871.78,2026-08-21 13:00:00,0,,True
WD-000135,ACC-00749,ATM-126,3442.64,2026-08-21 13:00:00,0,,True
WD-000136,ACC-00836,ATM-022,2308.68,2026-08-13 00:00:00,0,,True
WD-000137,ACC-00783,ATM-053,1290.19,2026-08-31 16:00:00,0,,True
WD-000138,ACC-00657,ATM-174,3737.08,2026-08-26 07:00:00,0,,True
WD-000139,ACC-00032,ATM-050,4351.29,2026-08-23 19:00:00,0,,True
WD-000140,ACC-00389,ATM-176,931.61,2026-09-07 21:00:00,0,,True
WD-000141,ACC-00363,ATM-183,161.82,2026-08-24 11:00:00,0,,True
WD-000142,ACC-00821,ATM-018,3073.03,2026-08-29 05:00:00,0,,True
WD-000143,ACC-00847,ATM-011,1349.16,2026-08-18 16:00:00,0,,True
WD-000144,ACC-00200,ATM-009,1994.4,2026-08-16 05:00:00,0,,True
WD-000145,ACC-00333,ATM-185,2772.06,2026-08-15 08:00:00,0,,True
WD-000146,ACC-00274,ATM-160,4479.59,2026-08-31 05:00:00,0,,True
WD-000147,ACC-00903,ATM-079,157.89,2026-08-13 14:00:00,0,,True
WD-000148,ACC-00807,ATM-163,3727.5,2026-08-25 10:00:00,0,,True
WD-000149,ACC-00733,ATM-102,2258.65,2026-08-25 03:00:00,0,,True
WD-000150,ACC-00527,ATM-018,4228.54,2026-08-30 07:00:00,0,,True
WD-000151,ACC-00286,ATM-066,1346.53,2026-08-20 01:00:00,0,,True
WD-000152,ACC-00268,ATM-068,2194.74,2026-08-14 19:00:00,0,,True
WD-000153,ACC-00216,ATM-137,4407.14,2026-08-19 10:00:00,0,,True
WD-000154,ACC-00487,ATM-155,3135.75,2026-08-26 14:00:00,0,,True
WD-000155,ACC-00804,ATM-142,625.05,2026-08-20 15:00:00,0,,True
WD-000156,ACC-00667,ATM-194,4560.71,2026-08-17 15:00:00,0,,True
WD-000157,ACC-00329,ATM-062,3253.88,2026-09-07 08:00:00,0,,True
WD-000158,ACC-00550,ATM-117,4805.69,2026-08-24 15:00:00,0,,True
WD-000159,ACC-00262,ATM-138,3703.17,2026-08-15 17:00:00,0,,True
WD-000160,ACC-00582,ATM-149,2185.37,2026-08-22 20:00:00,0,,True
WD-000161,ACC-00527,ATM-199,859.52,2026-08-12 14:00:00,0,,True
WD-000162,ACC-00614,ATM-016,1599.77,2026-08-30 21:00:00,0,,True
WD-000163,ACC-00593,ATM-180,750.94,2026-08-26 09:00:00,0,,True
WD-000164,ACC-00281,ATM-116,3437.02,2026-09-02 00:00:00,0,,True
WD-000165,ACC-00239,ATM-010,4070.1,2026-08-13 13:00:00,0,,True
WD-000166,ACC-00613,ATM-139,3763.73,2026-08-28 14:00:00,0,,True
WD-000167,ACC-00259,ATM-045,1412.22,2026-08-13 06:00:00,0,,True
WD-000168,ACC-00852,ATM-143,3278.62,2026-08-22 22:00:00,0,,True
WD-000169,ACC-00167,ATM-134,1253.78,2026-08-23 09:00:00,0,,True
WD-000170,ACC-00155,ATM-029,4928.12,2026-08-19 19:00:00,0,,True
WD-000171,ACC-00512,ATM-008,2020.3,2026-08-15 07:00:00,0,,True
WD-000172,ACC-00967,ATM-146,1129.44,2026-09-04 20:00:00,0,,True
WD-000173,ACC-00888,ATM-132,4628.35,2026-08-18 18:00:00,0,,True
WD-000174,ACC-00571,ATM-055,922.14,2026-09-07 11:00:00,0,,True
WD-000175,ACC-00836,ATM-030,173.02,2026-09-03 07:00:00,0,,True
WD-000176,ACC-00911,ATM-001,179.76,2026-08-18 20:00:00,0,,True
WD-000177,ACC-00396,ATM-119,2226.46,2026-09-07 11:00:00,0,,True
WD-000178,ACC-00932,ATM-008,2588.82,2026-08-20 17:00:00,0,,True
WD-000179,ACC-00688,ATM-143,4605.8,2026-08-19 21:00:00,0,,True
WD-000180,ACC-00733,ATM-099,696.34,2026-08-24 10:00:00,0,,True
WD-000181,ACC-00838,ATM-076,1027.82,2026-08-29 10:00:00,0,,True
WD-000182,ACC-00296,ATM-016,4594.62,2026-09-02 19:00:00,0,,True
WD-000183,ACC-00297,ATM-082,3284.39,2026-08-21 10:00:00,0,,True
WD-000184,ACC-00604,ATM-131,3800.07,2026-08-15 21:00:00,0,,True
WD-000185,ACC-00283,ATM-108,3936.89,2026-08-16 19:00:00,0,,True
WD-000186,ACC-00657,ATM-036,1055.44,2026-08-31 23:00:00,0,,True
WD-000187,ACC-00888,ATM-151,1650.32,2026-08-20 09:00:00,0,,True
WD-000188,ACC-00036,ATM-001,1072.92,2026-08-17 12:00:00,0,,True
WD-000189,ACC-00469,ATM-193,2080.96,2026-09-05 12:00:00,0,,True
WD-000190,ACC-00379,ATM-072,4722.95,2026-08-10 13:00:00,0,,True
WD-000191,ACC-00603,ATM-098,2243.92,2026-09-08 02:00:00,0,,True
WD-000192,ACC-00021,ATM-177,325.78,2026-08-27 15:00:00,0,,True
WD-000193,ACC-00400,ATM-109,1416.5,2026-09-08 12:00:00,0,,True
WD-000194,ACC-00927,ATM-166,2025.64,2026-08-30 03:00:00,0,,True
WD-000195,ACC-00889,ATM-023,3573.9,2026-08-19 05:00:00,0,,True
WD-000196,ACC-00289,ATM-001,4058.04,2026-08-24 02:00:00,0,,True
WD-000197,ACC-00103,ATM-103,3109.18,2026-08-11 18:00:00,0,,True
WD-000198,ACC-00276,ATM-198,3131.21,2026-09-08 20:00:00,0,,True
WD-000199,ACC-00630,ATM-004,1899.69,2026-08-24 06:00:00,0,,True
WD-000200,ACC-00441,ATM-108,2786.35,2026-08-31 19:00:00,0,,True
WD-000201,ACC-00145,ATM-097,2718.05,2026-08-22 18:00:00,0,,True
WD-000202,ACC-00637,ATM-104,880.6,2026-08-21 22:00:00,0,,True
WD-000203,ACC-00804,ATM-004,2686.98,2026-08-23 23:00:00,0,,True
WD-000204,ACC-00572,ATM-143,2648.19,2026-08-20 18:00:00,0,,True
WD-000205,ACC-00122,ATM-121,2692.78,2026-08-19 15:00:00,0,,True
WD-000206,ACC-00657,ATM-125,3929.79,2026-09-08 01:00:00,0,,True
WD-000207,ACC-00032,ATM-095,4033.97,2026-08-28 07:00:00,0,,True
WD-000208,ACC-00372,ATM-117,4235.08,2026-08-22 22:00:00,0,,True
WD-000209,ACC-00919,ATM-097,214.53,2026-08-22 05:00:00,0,,True
WD-000210,ACC-00130,ATM-006,4722.01,2026-09-05 23:00:00,0,,True
WD-000211,ACC-00903,ATM-180,3843.6,2026-08-29 22:00:00,0,,True
WD-000212,ACC-00870,ATM-162,2657.69,2026-08-24 07:00:00,0,,True
WD-000213,ACC-00390,ATM-004,1583.36,2026-09-07 19:00:00,0,,True
WD-000214,ACC-00876,ATM-002,3829.16,2026-08-12 18:00:00,0,,True
WD-000215,ACC-00378,ATM-036,4709.65,2026-08-15 22:00:00,0,,True
WD-000216,ACC-00370,ATM-086,2601.43,2026-08-11 09:00:00,0,,True
WD-000217,ACC-00472,ATM-125,2338.9,2026-08-19 10:00:00,0,,True
WD-000218,ACC-00688,ATM-192,776.05,2026-09-01 00:00:00,0,,True
WD-000219,ACC-00617,ATM-048,3941.89,2026-09-06 19:00:00,0,,True
WD-000220,ACC-00690,ATM-166,2801.99,2026-09-02 10:00:00,0,,True
WD-000221,ACC-00624,ATM-183,3001.88,2026-08-11 08:00:00,0,,True
WD-000222,ACC-00447,ATM-069,967.43,2026-09-05 17:00:00,0,,True
WD-000223,ACC-00966,ATM-123,1737.91,2026-08-23 10:00:00,0,,True
WD-000224,ACC-00461,ATM-014,4074.7,2026-08-13 04:00:00,0,,True
WD-000225,ACC-00739,ATM-188,1895.56,2026-08-12 08:00:00,0,,True
WD-000226,ACC-00108,ATM-142,1798.4,2026-09-01 01:00:00,0,,True
WD-000227,ACC-00498,ATM-012,1662.91,2026-08-16 20:00:00,0,,True
WD-000228,ACC-00130,ATM-001,4240.12,2026-09-06 08:00:00,0,,True
WD-000229,ACC-00865,ATM-094,2535.03,2026-09-09 14:00:00,0,,True
WD-000230,ACC-00589,ATM-005,4696.67,2026-09-09 10:00:00,0,,True
WD-000231,ACC-00648,ATM-103,1175.83,2026-08-19 02:00:00,0,,True
WD-000232,ACC-00420,ATM-071,4758.13,2026-08-27 07:00:00,0,,True
WD-000233,ACC-00217,ATM-035,1464.39,2026-08-13 21:00:00,0,,True
WD-000234,ACC-00182,ATM-129,898.48,2026-08-23 17:00:00,0,,True
WD-000235,ACC-00336,ATM-185,4438.85,2026-09-02 12:00:00,0,,True
WD-000236,ACC-00060,ATM-023,2478.83,2026-08-20 20:00:00,0,,True
WD-000237,ACC-00188,ATM-042,3475.35,2026-08-18 22:00:00,0,,True
WD-000238,ACC-00247,ATM-024,767.62,2026-08-28 10:00:00,0,,True
WD-000239,ACC-00399,ATM-139,4628.56,2026-08-16 01:00:00,0,,True
WD-000240,ACC-00007,ATM-124,422.96,2026-08-16 01:00:00,0,,True
WD-000241,ACC-00966,ATM-144,3243.25,2026-08-17 11:00:00,0,,True
WD-000242,ACC-00094,ATM-030,2914.37,2026-09-09 17:00:00,0,,True
WD-000243,ACC-00183,ATM-119,4440.95,2026-09-06 15:00:00,0,,True
WD-000244,ACC-00089,ATM-081,1011.06,2026-09-07 13:00:00,0,,True
WD-000245,ACC-00902,ATM-012,3744.95,2026-09-02 22:00:00,0,,True
WD-000246,ACC-00055,ATM-146,767.2,2026-09-09 11:00:00,0,,True
WD-000247,ACC-00474,ATM-019,4067.34,2026-08-23 02:00:00,0,,True
WD-000248,ACC-00697,ATM-004,122.56,2026-08-26 04:00:00,0,,True
WD-000249,ACC-00928,ATM-180,4166.89,2026-08-21 10:00:00,0,,True
WD-000250,ACC-00899,ATM-130,2912.61,2026-08-31 19:00:00,0,,True
WD-000251,ACC-00729,ATM-084,3525.72,2026-09-02 16:00:00,0,,True
WD-000252,ACC-00145,ATM-146,2657.32,2026-08-27 18:00:00,0,,True
WD-000253,ACC-00569,ATM-147,1145.36,2026-08-13 23:00:00,0,,True
WD-000254,ACC-00353,ATM-034,3016.37,2026-09-01 21:00:00,0,,True
WD-000255,ACC-00785,ATM-030,2125.76,2026-08-18 10:00:00,0,,True
WD-000256,ACC-00983,ATM-160,3985.85,2026-08-25 08:00:00,0,,True
WD-000257,ACC-00486,ATM-052,4043.39,2026-08-15 19:00:00,0,,True
WD-000258,ACC-00085,ATM-055,4518.31,2026-08-18 10:00:00,0,,True
WD-000259,ACC-00037,ATM-067,1728.22,2026-09-06 01:00:00,0,,True
WD-000260,ACC-00794,ATM-144,3353.54,2026-08-29 05:00:00,0,,True
WD-000261,ACC-00702,ATM-047,436.73,2026-08-13 03:00:00,0,,True
WD-000262,ACC-00219,ATM-187,1863.72,2026-09-01 20:00:00,0,,True
WD-000263,ACC-00783,ATM-062,1753.24,2026-08-12 08:00:00,0,,True
WD-000264,ACC-00431,ATM-136,396.33,2026-08-14 04:00:00,0,,True
WD-000265,ACC-00559,ATM-112,290.7,2026-08-27 22:00:00,0,,True
WD-000266,ACC-00199,ATM-151,2784.97,2026-08-19 04:00:00,0,,True
WD-000267,ACC-00913,ATM-077,4661.65,2026-08-25 06:00:00,0,,True
WD-000268,ACC-00561,ATM-078,4841.6,2026-08-31 05:00:00,0,,True
WD-000269,ACC-00392,ATM-162,4848.33,2026-09-01 00:00:00,0,,True
WD-000270,ACC-00937,ATM-036,2746.94,2026-08-31 02:00:00,0,,True
WD-000271,ACC-00055,ATM-115,4099.89,2026-08-12 04:00:00,0,,True
WD-000272,ACC-00722,ATM-013,2028.02,2026-08-26 17:00:00,0,,True
WD-000273,ACC-00344,ATM-091,492.3,2026-08-11 00:00:00,0,,True
WD-000274,ACC-00164,ATM-053,2866.4,2026-08-18 12:00:00,0,,True
WD-000275,ACC-00609,ATM-009,2750.13,2026-08-31 02:00:00,0,,True
WD-000276,ACC-00110,ATM-011,2517.58,2026-08-19 03:00:00,0,,True
WD-000277,ACC-00749,ATM-008,3363.8,2026-08-22 09:00:00,0,,True
WD-000278,ACC-00911,ATM-060,588.68,2026-09-08 09:00:00,0,,True
WD-000279,ACC-00474,ATM-200,2586.8,2026-08-29 09:00:00,0,,True
WD-000280,ACC-00616,ATM-176,193.57,2026-08-31 03:00:00,0,,True
WD-000281,ACC-00722,ATM-114,3441.69,2026-09-08 15:00:00,0,,True
WD-000282,ACC-00720,ATM-046,924.13,2026-09-10 00:00:00,0,,True
WD-000283,ACC-00735,ATM-159,1917.65,2026-09-03 02:00:00,0,,True
WD-000284,ACC-00838,ATM-069,3523.3,2026-09-07 15:00:00,0,,True
WD-000285,ACC-00182,ATM-001,4475.55,2026-08-20 08:00:00,0,,True
WD-000286,ACC-00187,ATM-113,4515.47,2026-08-15 18:00:00,0,,True
WD-000287,ACC-00366,ATM-016,151.82,2026-08-13 23:00:00,0,,True
WD-000288,ACC-00778,ATM-180,4602.97,2026-09-08 02:00:00,0,,True
WD-000289,ACC-00114,ATM-087,1151.53,2026-08-18 07:00:00,0,,True
WD-000290,ACC-00929,ATM-089,4836.4,2026-08-20 15:00:00,0,,True
WD-000291,ACC-00703,ATM-151,1372.19,2026-08-20 17:00:00,0,,True
WD-000292,ACC-00348,ATM-009,2246.5,2026-09-08 21:00:00,0,,True
WD-000293,ACC-00103,ATM-196,2270.42,2026-09-04 08:00:00,0,,True
WD-000294,ACC-00475,ATM-153,2798.65,2026-08-12 01:00:00,0,,True
WD-000295,ACC-00726,ATM-191,2990.45,2026-08-29 16:00:00,0,,True
WD-000296,ACC-00029,ATM-060,3365.49,2026-08-15 10:00:00,0,,True
WD-000297,ACC-00050,ATM-003,4914.58,2026-08-31 15:00:00,0,,True
WD-000298,ACC-00637,ATM-056,4852.19,2026-08-16 13:00:00,0,,True
WD-000299,ACC-00013,ATM-053,3481.14,2026-08-23 09:00:00,0,,True
WD-000300,ACC-00004,ATM-072,1806.23,2026-08-11 11:00:00,0,,True
WD-000301,ACC-00900,ATM-055,2199.2,2026-08-24 17:00:00,0,,True
WD-000302,ACC-00716,ATM-195,1492.64,2026-09-07 19:00:00,0,,True
WD-000303,ACC-00308,ATM-161,3105.81,2026-09-07 05:00:00,0,,True
WD-000304,ACC-00670,ATM-087,4414.45,2026-08-22 07:00:00,0,,True
WD-000305,ACC-00983,ATM-140,1859.95,2026-08-17 05:00:00,0,,True
WD-000306,ACC-00932,ATM-096,3461.52,2026-08-31 08:00:00,0,,True
WD-000307,ACC-00047,ATM-093,2000.82,2026-09-09 11:00:00,0,,True
WD-000308,ACC-00418,ATM-125,2890.03,2026-08-23 12:00:00,0,,True
WD-000309,ACC-00660,ATM-005,2049.14,2026-08-27 19:00:00,0,,True
WD-000310,ACC-00061,ATM-019,2779.0,2026-08-18 22:00:00,0,,True
WD-000311,ACC-00489,ATM-068,316.04,2026-08-19 05:00:00,0,,True
WD-000312,ACC-00491,ATM-129,1408.57,2026-08-20 08:00:00,0,,True
WD-000313,ACC-00734,ATM-056,3344.84,2026-08-23 03:00:00,0,,True
WD-000314,ACC-00315,ATM-149,3524.56,2026-08-30 05:00:00,0,,True
WD-000315,ACC-00022,ATM-001,2023.89,2026-08-27 00:00:00,0,,True
WD-000316,ACC-00777,ATM-041,1737.45,2026-09-10 06:00:00,0,,True
WD-000317,ACC-00165,ATM-163,1804.9,2026-09-10 10:00:00,0,,True
WD-000318,ACC-00506,ATM-055,4928.3,2026-08-31 04:00:00,0,,True
WD-000319,ACC-00134,ATM-101,999.86,2026-09-06 22:00:00,0,,True
WD-000320,ACC-00551,ATM-066,1000.47,2026-09-08 16:00:00,0,,True
WD-000321,ACC-00192,ATM-170,4740.42,2026-08-19 08:00:00,0,,True
WD-000322,ACC-00225,ATM-057,1607.8,2026-08-14 09:00:00,0,,True
WD-000323,ACC-00072,ATM-004,3712.42,2026-09-08 18:00:00,0,,True
WD-000324,ACC-00041,ATM-165,4485.65,2026-08-27 15:00:00,0,,True
WD-000325,ACC-00048,ATM-092,1297.0,2026-08-20 19:00:00,0,,True
WD-000326,ACC-00570,ATM-106,2601.14,2026-09-03 12:00:00,0,,True
WD-000327,ACC-00156,ATM-030,533.09,2026-08-28 22:00:00,0,,True
WD-000328,ACC-00226,ATM-035,3119.7,2026-09-10 03:00:00,0,,True
WD-000329,ACC-00918,ATM-174,1739.11,2026-08-11 22:00:00,0,,True
WD-000330,ACC-00343,ATM-194,4394.64,2026-08-22 19:00:00,0,,True
WD-000331,ACC-00809,ATM-140,2310.62,2026-08-13 18:00:00,0,,True
WD-000332,ACC-00882,ATM-048,529.86,2026-08-22 13:00:00,0,,True
WD-000333,ACC-00608,ATM-198,2175.14,2026-09-05 00:00:00,0,,True
WD-000334,ACC-00048,ATM-060,4770.93,2026-09-02 23:00:00,0,,True
WD-000335,ACC-00688,ATM-046,4006.96,2026-08-12 14:00:00,0,,True
WD-000336,ACC-00145,ATM-118,1913.22,2026-08-25 07:00:00,0,,True
WD-000337,ACC-00080,ATM-066,2363.52,2026-08-27 12:00:00,0,,True
WD-000338,ACC-00712,ATM-153,717.8,2026-08-11 22:00:00,0,,True
WD-000339,ACC-00118,ATM-024,4025.65,2026-08-15 07:00:00,0,,True
WD-000340,ACC-00232,ATM-183,3784.48,2026-09-10 07:00:00,0,,True
WD-000341,ACC-00194,ATM-111,3532.08,2026-09-05 09:00:00,0,,True
WD-000342,ACC-00663,ATM-156,3655.23,2026-09-05 10:00:00,0,,True
WD-000343,ACC-00362,ATM-135,3949.81,2026-08-24 18:00:00,0,,True
WD-000344,ACC-00932,ATM-126,3641.67,2026-08-20 01:00:00,0,,True
WD-000345,ACC-00580,ATM-025,2225.3,2026-08-17 09:00:00,0,,True
WD-000346,ACC-00516,ATM-112,1136.04,2026-08-30 02:00:00,0,,True
WD-000347,ACC-00564,ATM-141,499.61,2026-08-23 02:00:00,0,,True
WD-000348,ACC-00583,ATM-192,2372.38,2026-08-26 07:00:00,0,,True
WD-000349,ACC-00721,ATM-177,561.56,2026-08-23 20:00:00,0,,True
WD-000350,ACC-00046,ATM-182,346.69,2026-08-17 02:00:00,0,,True
WD-000351,ACC-00940,ATM-061,2445.88,2026-08-16 14:00:00,0,,True
WD-000352,ACC-00619,ATM-056,429.13,2026-08-28 17:00:00,0,,True
WD-000353,ACC-00966,ATM-040,2591.75,2026-08-22 21:00:00,0,,True
WD-000354,ACC-00921,ATM-045,4038.16,2026-09-02 02:00:00,0,,True
WD-000355,ACC-00985,ATM-080,4344.54,2026-08-20 09:00:00,0,,True
WD-000356,ACC-00527,ATM-036,923.79,2026-08-16 21:00:00,0,,True
WD-000357,ACC-00167,ATM-001,364.47,2026-08-24 06:00:00,0,,True
WD-000358,ACC-00630,ATM-076,2729.61,2026-08-21 05:00:00,0,,True
WD-000359,ACC-00139,ATM-170,4733.02,2026-09-09 04:00:00,0,,True
WD-000360,ACC-00091,ATM-072,1465.85,2026-09-01 16:00:00,0,,True
WD-000361,ACC-00217,ATM-188,745.23,2026-08-17 20:00:00,0,,True
WD-000362,ACC-00766,ATM-029,423.59,2026-08-11 01:00:00,0,,True
WD-000363,ACC-00592,ATM-155,3581.65,2026-08-19 12:00:00,0,,True
WD-000364,ACC-00690,ATM-033,3705.02,2026-08-18 12:00:00,0,,True
WD-000365,ACC-00131,ATM-010,3206.81,2026-09-09 04:00:00,0,,True
WD-000366,ACC-00960,ATM-183,3509.8,2026-09-03 08:00:00,0,,True
WD-000367,ACC-00134,ATM-184,2250.64,2026-08-30 08:00:00,0,,True
WD-000368,ACC-00713,ATM-027,1294.13,2026-08-19 06:00:00,0,,True
WD-000369,ACC-00043,ATM-199,3820.59,2026-08-25 10:00:00,0,,True
WD-000370,ACC-00428,ATM-086,4443.05,2026-08-28 04:00:00,0,,True
WD-000371,ACC-00406,ATM-051,114.14,2026-08-15 11:00:00,0,,True
WD-000372,ACC-00353,ATM-184,3985.93,2026-09-02 22:00:00,0,,True
WD-000373,ACC-00468,ATM-118,1843.71,2026-08-12 18:00:00,0,,True
WD-000374,ACC-00099,ATM-157,2732.62,2026-09-06 10:00:00,0,,True
WD-000375,ACC-00701,ATM-006,3293.63,2026-08-22 10:00:00,0,,True
WD-000376,ACC-00426,ATM-175,4428.96,2026-08-19 13:00:00,0,,True
WD-000377,ACC-00076,ATM-121,1562.84,2026-08-13 17:00:00,0,,True
WD-000378,ACC-00042,ATM-041,2952.0,2026-08-10 20:00:00,0,,True
WD-000379,ACC-00224,ATM-031,4726.15,2026-09-10 04:00:00,0,,True
WD-000380,ACC-00254,ATM-190,2751.94,2026-09-02 10:00:00,0,,True
WD-000381,ACC-00635,ATM-100,2020.22,2026-09-05 18:00:00,0,,True
WD-000382,ACC-00084,ATM-052,4700.54,2026-08-27 21:00:00,0,,True
WD-000383,ACC-00015,ATM-129,373.8,2026-08-28 19:00:00,0,,True
WD-000384,ACC-00907,ATM-095,4847.31,2026-08-28 00:00:00,0,,True
WD-000385,ACC-00472,ATM-193,4397.36,2026-09-09 00:00:00,0,,True
WD-000386,ACC-00240,ATM-180,2030.61,2026-09-06 10:00:00,0,,True
WD-000387,ACC-00585,ATM-132,4040.49,2026-08-30 01:00:00,0,,True
WD-000388,ACC-00062,ATM-078,2947.95,2026-08-17 04:00:00,0,,True
WD-000389,ACC-00308,ATM-168,277.27,2026-08-10 23:00:00,0,,True
WD-000390,ACC-00401,ATM-051,3455.8,2026-08-22 06:00:00,0,,True
WD-000391,ACC-00735,ATM-058,2881.01,2026-08-30 12:00:00,0,,True
WD-000392,ACC-00310,ATM-166,3062.14,2026-09-04 22:00:00,0,,True
WD-000393,ACC-00195,ATM-034,4247.9,2026-08-29 08:00:00,0,,True
WD-000394,ACC-00445,ATM-031,533.45,2026-08-11 08:00:00,0,,True
WD-000395,ACC-00262,ATM-056,3950.57,2026-08-20 08:00:00,0,,True
WD-000396,ACC-00942,ATM-190,1783.26,2026-08-20 19:00:00,0,,True
WD-000397,ACC-00713,ATM-083,1406.12,2026-09-06 09:00:00,0,,True
WD-000398,ACC-00696,ATM-132,4265.74,2026-08-21 11:00:00,0,,True
WD-000399,ACC-00547,ATM-189,2515.66,2026-08-21 15:00:00,0,,True
WD-000400,ACC-00633,ATM-026,3725.54,2026-08-11 23:00:00,0,,True
WD-000401,ACC-00152,ATM-164,1276.5,2026-08-31 14:00:00,0,,True
WD-000402,ACC-00087,ATM-169,3043.85,2026-08-20 00:00:00,0,,True
WD-000403,ACC-00270,ATM-057,1084.96,2026-08-31 05:00:00,0,,True
WD-000404,ACC-00909,ATM-035,3628.81,2026-08-11 03:00:00,0,,True
WD-000405,ACC-00970,ATM-118,4873.13,2026-09-05 01:00:00,0,,True
WD-000406,ACC-00683,ATM-015,1886.89,2026-09-03 05:00:00,0,,True
WD-000407,ACC-00252,ATM-067,4751.25,2026-08-11 11:00:00,0,,True
WD-000408,ACC-00829,ATM-177,1280.34,2026-09-07 14:00:00,0,,True
WD-000409,ACC-00855,ATM-094,4256.86,2026-08-24 21:00:00,0,,True
WD-000410,ACC-00416,ATM-008,1931.92,2026-08-18 04:00:00,0,,True
WD-000411,ACC-00379,ATM-120,3913.97,2026-08-28 14:00:00,0,,True
WD-000412,ACC-00578,ATM-173,1415.96,2026-08-30 22:00:00,0,,True
WD-000413,ACC-00412,ATM-151,3589.32,2026-08-18 04:00:00,0,,True
WD-000414,ACC-00740,ATM-198,4719.43,2026-08-11 16:00:00,0,,True
WD-000415,ACC-00344,ATM-052,1866.41,2026-09-02 23:00:00,0,,True
WD-000416,ACC-00380,ATM-145,2413.72,2026-08-14 04:00:00,0,,True
WD-000417,ACC-00403,ATM-099,4662.85,2026-08-21 20:00:00,0,,True
WD-000418,ACC-00392,ATM-017,2211.45,2026-08-13 04:00:00,0,,True
WD-000419,ACC-00130,ATM-021,967.71,2026-09-01 01:00:00,0,,True
WD-000420,ACC-00023,ATM-138,3518.93,2026-09-09 18:00:00,0,,True
WD-000421,ACC-00341,ATM-159,4593.62,2026-08-31 20:00:00,0,,True
WD-000422,ACC-00090,ATM-088,1008.29,2026-08-28 17:00:00,0,,True
WD-000423,ACC-00147,ATM-083,3953.98,2026-08-29 18:00:00,0,,True
WD-000424,ACC-00391,ATM-102,1580.23,2026-08-27 07:00:00,0,,True
WD-000425,ACC-00116,ATM-062,166.38,2026-08-14 04:00:00,0,,True
WD-000426,ACC-00140,ATM-062,1902.92,2026-08-18 18:00:00,0,,True
WD-000427,ACC-00122,ATM-069,989.8,2026-09-07 03:00:00,0,,True
WD-000428,ACC-00054,ATM-171,4772.92,2026-08-20 19:00:00,0,,True
WD-000429,ACC-00598,ATM-051,1314.28,2026-08-13 07:00:00,0,,True
WD-000430,ACC-00964,ATM-107,4101.23,2026-09-01 02:00:00,0,,True
WD-000431,ACC-00908,ATM-080,1146.11,2026-08-16 11:00:00,0,,True
WD-000432,ACC-00464,ATM-146,2121.98,2026-08-19 22:00:00,0,,True
WD-000433,ACC-00232,ATM-027,4809.15,2026-08-20 12:00:00,0,,True
WD-000434,ACC-00031,ATM-137,3263.52,2026-08-18 09:00:00,0,,True
WD-000435,ACC-00508,ATM-136,4127.56,2026-08-12 07:00:00,0,,True
WD-000436,ACC-00146,ATM-031,489.06,2026-08-17 19:00:00,0,,True
WD-000437,ACC-00458,ATM-024,4589.14,2026-08-24 04:00:00,0,,True
WD-000438,ACC-00326,ATM-041,1124.66,2026-08-14 15:00:00,0,,True
WD-000439,ACC-00287,ATM-190,4491.68,2026-08-27 20:00:00,0,,True
WD-000440,ACC-00817,ATM-118,1372.83,2026-08-13 15:00:00,0,,True
WD-000441,ACC-00667,ATM-174,2540.47,2026-09-06 21:00:00,0,,True
WD-000442,ACC-00199,ATM-165,4827.88,2026-08-13 16:00:00,0,,True
WD-000443,ACC-00957,ATM-174,224.04,2026-08-24 23:00:00,0,,True
WD-000444,ACC-00816,ATM-088,4389.03,2026-08-15 08:00:00,0,,True
WD-000445,ACC-00228,ATM-114,2367.72,2026-09-05 18:00:00,0,,True
WD-000446,ACC-00441,ATM-103,3441.65,2026-08-28 06:00:00,0,,True
WD-000447,ACC-00200,ATM-120,116.69,2026-09-02 11:00:00,0,,True
WD-000448,ACC-00662,ATM-012,4632.5,2026-08-20 14:00:00,0,,True
WD-000449,ACC-00366,ATM-040,4086.99,2026-08-11 19:00:00,0,,True
WD-000450,ACC-00065,ATM-007,4645.1,2026-08-30 02:00:00,0,,True
WD-000451,ACC-00665,ATM-133,3325.6,2026-09-09 11:00:00,0,,True
WD-000452,ACC-00026,ATM-039,2470.84,2026-08-20 07:00:00,0,,True
WD-000453,ACC-00747,ATM-033,421.99,2026-09-05 02:00:00,0,,True
WD-000454,ACC-00475,ATM-170,4248.74,2026-09-04 09:00:00,0,,True
WD-000455,ACC-00436,ATM-007,3060.66,2026-09-02 18:00:00,0,,True
WD-000456,ACC-00709,ATM-032,3869.27,2026-09-04 00:00:00,0,,True
WD-000457,ACC-00542,ATM-161,3501.23,2026-08-26 07:00:00,0,,True
WD-000458,ACC-00931,ATM-009,1072.45,2026-09-04 00:00:00,0,,True
WD-000459,ACC-00638,ATM-089,1820.22,2026-09-05 20:00:00,0,,True
WD-000460,ACC-00795,ATM-101,962.45,2026-08-18 12:00:00,0,,True
WD-000461,ACC-00616,ATM-166,1013.79,2026-08-17 16:00:00,0,,True
WD-000462,ACC-00877,ATM-125,3942.06,2026-08-30 08:00:00,0,,True
WD-000463,ACC-00737,ATM-096,4835.17,2026-08-29 15:00:00,0,,True
WD-000464,ACC-00700,ATM-055,4556.77,2026-09-06 07:00:00,0,,True
WD-000465,ACC-00155,ATM-164,3496.8,2026-08-14 22:00:00,0,,True
WD-000466,ACC-00233,ATM-180,3118.15,2026-08-12 20:00:00,0,,True
WD-000467,ACC-00618,ATM-156,954.1,2026-09-01 01:00:00,0,,True
WD-000468,ACC-00874,ATM-122,3486.83,2026-08-15 05:00:00,0,,True
WD-000469,ACC-00801,ATM-091,1204.96,2026-09-02 23:00:00,0,,True
WD-000470,ACC-00438,ATM-023,2585.65,2026-09-08 21:00:00,0,,True
WD-000471,ACC-00407,ATM-024,4546.25,2026-08-23 22:00:00,0,,True
WD-000472,ACC-00047,ATM-131,1018.44,2026-08-21 21:00:00,0,,True
WD-000473,ACC-00807,ATM-031,3846.01,2026-08-16 07:00:00,0,,True
WD-000474,ACC-00850,ATM-052,1967.55,2026-09-07 12:00:00,0,,True
WD-000475,ACC-00504,ATM-032,864.26,2026-09-07 01:00:00,0,,True
WD-000476,ACC-00661,ATM-142,1189.08,2026-08-10 19:00:00,0,,True
WD-000477,ACC-00695,ATM-144,3197.39,2026-09-04 14:00:00,0,,True
WD-000478,ACC-00092,ATM-127,3364.48,2026-08-14 16:00:00,0,,True
WD-000479,ACC-00446,ATM-182,3834.02,2026-08-24 04:00:00,0,,True
WD-000480,ACC-00799,ATM-104,2444.53,2026-08-30 22:00:00,0,,True
WD-000481,ACC-00772,ATM-068,742.02,2026-09-04 06:00:00,0,,True
WD-000482,ACC-00708,ATM-040,794.01,2026-09-04 14:00:00,0,,True
WD-000483,ACC-00521,ATM-005,3210.23,2026-08-16 17:00:00,0,,True
WD-000484,ACC-00300,ATM-065,4985.98,2026-08-29 19:00:00,0,,True
WD-000485,ACC-00687,ATM-190,2873.76,2026-08-18 15:00:00,0,,True
WD-000486,ACC-00702,ATM-162,4315.14,2026-09-04 13:00:00,0,,True
WD-000487,ACC-00982,ATM-091,2084.63,2026-08-29 07:00:00,0,,True
WD-000488,ACC-00841,ATM-159,4965.22,2026-08-31 06:00:00,0,,True
WD-000489,ACC-00381,ATM-168,341.61,2026-08-29 05:00:00,0,,True
WD-000490,ACC-00854,ATM-163,3972.74,2026-08-26 05:00:00,0,,True
WD-000491,ACC-00069,ATM-166,662.23,2026-09-09 04:00:00,0,,True
WD-000492,ACC-00407,ATM-176,3985.62,2026-09-02 09:00:00,0,,True
WD-000493,ACC-00848,ATM-061,130.93,2026-08-20 02:00:00,0,,True
WD-000494,ACC-00235,ATM-144,4753.91,2026-08-17 09:00:00,0,,True
WD-000495,ACC-00669,ATM-144,1687.4,2026-09-09 15:00:00,0,,True
WD-000496,ACC-00074,ATM-057,3896.36,2026-09-05 00:00:00,0,,True
WD-000497,ACC-00677,ATM-015,2592.72,2026-08-31 15:00:00,0,,True
WD-000498,ACC-00409,ATM-059,2897.46,2026-08-17 21:00:00,0,,True
WD-000499,ACC-00673,ATM-094,1991.97,2026-08-30 13:00:00,0,,True
WD-000500,ACC-00284,ATM-122,320.66,2026-08-31 04:00:00,0,,True
WD-000501,ACC-00583,ATM-019,4016.48,2026-08-11 16:00:00,0,,True
WD-000502,ACC-00676,ATM-018,1904.61,2026-08-27 13:00:00,0,,True
WD-000503,ACC-00275,ATM-019,479.72,2026-08-16 15:00:00,0,,True
WD-000504,ACC-00351,ATM-085,2198.5,2026-09-09 18:00:00,0,,True
WD-000505,ACC-00956,ATM-172,547.49,2026-08-18 00:00:00,0,,True
WD-000506,ACC-00607,ATM-055,2995.58,2026-08-26 19:00:00,0,,True
WD-000507,ACC-00509,ATM-092,4043.78,2026-09-08 21:00:00,0,,True
WD-000508,ACC-00823,ATM-001,4074.9,2026-09-10 04:00:00,0,,True
WD-000509,ACC-00173,ATM-112,4884.33,2026-08-20 12:00:00,0,,True
WD-000510,ACC-00073,ATM-160,4347.7,2026-08-26 09:00:00,0,,True
WD-000511,ACC-00140,ATM-187,3342.0,2026-09-06 03:00:00,0,,True
WD-000512,ACC-00076,ATM-052,2900.71,2026-08-16 14:00:00,0,,True
WD-000513,ACC-00441,ATM-159,2077.31,2026-08-23 18:00:00,0,,True
WD-000514,ACC-00663,ATM-117,2089.32,2026-08-22 20:00:00,0,,True
WD-000515,ACC-00486,ATM-056,463.55,2026-08-27 21:00:00,0,,True
WD-000516,ACC-00915,ATM-124,1233.49,2026-08-15 17:00:00,0,,True
WD-000517,ACC-00789,ATM-048,746.07,2026-08-21 00:00:00,0,,True
WD-000518,ACC-00692,ATM-196,238.76,2026-08-11 02:00:00,0,,True
WD-000519,ACC-00713,ATM-148,4822.79,2026-08-23 17:00:00,0,,True
WD-000520,ACC-00487,ATM-167,2769.01,2026-08-30 05:00:00,0,,True
WD-000521,ACC-00861,ATM-164,4686.25,2026-08-10 16:00:00,0,,True
WD-000522,ACC-00702,ATM-147,4510.54,2026-08-18 14:00:00,0,,True
WD-000523,ACC-00317,ATM-052,664.91,2026-09-07 16:00:00,0,,True
WD-000524,ACC-00789,ATM-098,1711.2,2026-09-04 12:00:00,0,,True
WD-000525,ACC-00977,ATM-132,3393.36,2026-08-15 18:00:00,0,,True
WD-000526,ACC-00653,ATM-086,990.28,2026-09-07 08:00:00,0,,True
WD-000527,ACC-00047,ATM-041,693.15,2026-09-08 01:00:00,0,,True
WD-000528,ACC-00863,ATM-007,3895.52,2026-08-26 00:00:00,0,,True
WD-000529,ACC-00279,ATM-073,2858.9,2026-08-27 03:00:00,0,,True
WD-000530,ACC-00492,ATM-002,3583.74,2026-09-10 08:00:00,0,,True
WD-000531,ACC-00431,ATM-144,2374.91,2026-09-01 03:00:00,0,,True
WD-000532,ACC-00558,ATM-171,3836.32,2026-08-26 00:00:00,0,,True
WD-000533,ACC-00305,ATM-147,2294.35,2026-08-27 03:00:00,0,,True
WD-000534,ACC-00907,ATM-023,2156.97,2026-09-04 00:00:00,0,,True
WD-000535,ACC-00912,ATM-089,2190.49,2026-09-09 04:00:00,0,,True
WD-000536,ACC-00879,ATM-085,261.83,2026-08-28 05:00:00,0,,True
WD-000537,ACC-00362,ATM-081,3525.25,2026-08-26 06:00:00,0,,True
WD-000538,ACC-00039,ATM-151,3721.66,2026-09-01 18:00:00,0,,True
WD-000539,ACC-00437,ATM-158,1013.71,2026-08-26 22:00:00,0,,True
WD-000540,ACC-00081,ATM-029,4425.39,2026-08-22 16:00:00,0,,True
WD-000541,ACC-00367,ATM-036,2889.62,2026-08-29 05:00:00,0,,True
WD-000542,ACC-00329,ATM-053,342.77,2026-08-29 18:00:00,0,,True
WD-000543,ACC-00478,ATM-185,138.99,2026-08-30 01:00:00,0,,True
WD-000544,ACC-00113,ATM-042,2692.18,2026-08-26 23:00:00,0,,True
WD-000545,ACC-00691,ATM-053,2190.18,2026-09-03 10:00:00,0,,True
WD-000546,ACC-00874,ATM-081,3109.0,2026-08-11 20:00:00,0,,True
WD-000547,ACC-00636,ATM-144,4218.43,2026-08-17 02:00:00,0,,True
WD-000548,ACC-00627,ATM-101,1808.54,2026-08-31 23:00:00,0,,True
WD-000549,ACC-00674,ATM-112,1315.27,2026-08-31 04:00:00,0,,True
WD-000550,ACC-00896,ATM-075,3752.11,2026-08-31 14:00:00,0,,True
WD-000551,ACC-00264,ATM-019,3979.36,2026-08-31 17:00:00,0,,True
WD-000552,ACC-00125,ATM-102,2889.99,2026-08-21 18:00:00,0,,True
WD-000553,ACC-00251,ATM-193,3076.56,2026-08-14 14:00:00,0,,True
WD-000554,ACC-00968,ATM-067,1451.36,2026-08-27 03:00:00,0,,True
WD-000555,ACC-00232,ATM-148,4416.5,2026-08-12 23:00:00,0,,True
WD-000556,ACC-00271,ATM-005,2676.54,2026-08-19 15:00:00,0,,True
WD-000557,ACC-00717,ATM-144,939.55,2026-09-03 11:00:00,0,,True
WD-000558,ACC-00608,ATM-085,2552.47,2026-09-05 17:00:00,0,,True
WD-000559,ACC-00741,ATM-123,3645.38,2026-09-03 18:00:00,0,,True
WD-000560,ACC-00686,ATM-137,3248.47,2026-08-12 20:00:00,0,,True
WD-000561,ACC-00597,ATM-070,588.82,2026-09-05 09:00:00,0,,True
WD-000562,ACC-00991,ATM-003,4988.76,2026-08-16 18:00:00,0,,True
WD-000563,ACC-00457,ATM-034,399.9,2026-09-05 09:00:00,0,,True
WD-000564,ACC-00882,ATM-123,3832.25,2026-08-26 02:00:00,0,,True
WD-000565,ACC-00309,ATM-133,1803.96,2026-08-31 16:00:00,0,,True
WD-000566,ACC-00727,ATM-106,1915.67,2026-08-25 18:00:00,0,,True
WD-000567,ACC-00136,ATM-200,715.74,2026-09-03 12:00:00,0,,True
WD-000568,ACC-00044,ATM-078,1462.87,2026-08-28 03:00:00,0,,True
WD-000569,ACC-00391,ATM-017,827.07,2026-08-22 05:00:00,0,,True
WD-000570,ACC-00581,ATM-014,4132.51,2026-09-05 13:00:00,0,,True
WD-000571,ACC-00896,ATM-092,622.52,2026-08-17 09:00:00,0,,True
WD-000572,ACC-00209,ATM-188,4332.49,2026-08-31 00:00:00,0,,True
WD-000573,ACC-00886,ATM-092,2690.95,2026-08-22 00:00:00,0,,True
WD-000574,ACC-00195,ATM-085,2953.52,2026-08-20 15:00:00,0,,True
WD-000575,ACC-00860,ATM-121,4822.83,2026-08-23 23:00:00,0,,True
WD-000576,ACC-00995,ATM-021,4621.22,2026-08-22 06:00:00,0,,True
WD-000577,ACC-00968,ATM-018,1379.35,2026-08-29 19:00:00,0,,True
WD-000578,ACC-00306,ATM-049,1370.94,2026-08-31 00:00:00,0,,True
WD-000579,ACC-00398,ATM-057,514.75,2026-09-02 19:00:00,0,,True
WD-000580,ACC-00564,ATM-095,335.48,2026-09-04 03:00:00,0,,True
WD-000581,ACC-00912,ATM-047,1033.42,2026-08-28 07:00:00,0,,True
WD-000582,ACC-00956,ATM-172,3730.22,2026-09-09 05:00:00,0,,True
WD-000583,ACC-00200,ATM-080,2341.84,2026-09-05 04:00:00,0,,True
WD-000584,ACC-00417,ATM-054,3314.51,2026-09-10 03:00:00,0,,True
WD-000585,ACC-00238,ATM-170,2308.74,2026-08-22 23:00:00,0,,True
WD-000586,ACC-00517,ATM-190,3496.42,2026-08-15 15:00:00,0,,True
WD-000587,ACC-00406,ATM-139,4172.86,2026-09-08 19:00:00,0,,True
WD-000588,ACC-00811,ATM-167,1637.58,2026-08-19 08:00:00,0,,True
WD-000589,ACC-00583,ATM-072,1969.0,2026-08-23 11:00:00,0,,True
WD-000590,ACC-00157,ATM-168,539.39,2026-08-19 21:00:00,0,,True
WD-000591,ACC-00449,ATM-074,415.62,2026-09-02 06:00:00,0,,True
WD-000592,ACC-00039,ATM-078,1118.41,2026-08-31 11:00:00,0,,True
WD-000593,ACC-00159,ATM-059,2729.15,2026-08-16 01:00:00,0,,True
WD-000594,ACC-00970,ATM-013,900.51,2026-08-14 19:00:00,0,,True
WD-000595,ACC-00625,ATM-072,2168.41,2026-08-31 07:00:00,0,,True
WD-000596,ACC-00460,ATM-193,1750.19,2026-08-14 07:00:00,0,,True
WD-000597,ACC-00204,ATM-052,754.04,2026-09-05 17:00:00,0,,True
WD-000598,ACC-00813,ATM-060,145.66,2026-09-10 08:00:00,0,,True
WD-000599,ACC-00339,ATM-103,2910.72,2026-09-07 06:00:00,0,,True
WD-000600,ACC-00210,ATM-003,1225.64,2026-09-03 06:00:00,0,,True
WD-000601,ACC-00260,ATM-105,2395.39,2026-09-07 13:00:00,0,,True
WD-000602,ACC-00709,ATM-032,3384.6,2026-08-27 22:00:00,0,,True
WD-000603,ACC-00374,ATM-003,2243.94,2026-08-28 08:00:00,0,,True
WD-000604,ACC-00795,ATM-123,3087.4,2026-08-30 02:00:00,0,,True
WD-000605,ACC-00256,ATM-192,377.66,2026-09-01 16:00:00,0,,True
WD-000606,ACC-00380,ATM-054,374.65,2026-08-11 07:00:00,0,,True
WD-000607,ACC-00933,ATM-060,3700.11,2026-08-24 04:00:00,0,,True
WD-000608,ACC-00836,ATM-125,936.07,2026-09-10 06:00:00,0,,True
WD-000609,ACC-00278,ATM-184,4597.71,2026-08-16 08:00:00,0,,True
WD-000610,ACC-00048,ATM-033,2746.9,2026-08-27 10:00:00,0,,True
WD-000611,ACC-00970,ATM-149,4066.55,2026-08-16 12:00:00,0,,True
WD-000612,ACC-00094,ATM-117,3616.73,2026-08-11 07:00:00,0,,True
WD-000613,ACC-00678,ATM-034,1534.1,2026-08-13 01:00:00,0,,True
WD-000614,ACC-00060,ATM-113,4090.19,2026-08-17 23:00:00,0,,True
WD-000615,ACC-00939,ATM-067,3336.71,2026-08-23 22:00:00,0,,True
WD-000616,ACC-00748,ATM-199,4796.36,2026-08-14 21:00:00,0,,True
WD-000617,ACC-00658,ATM-163,3485.82,2026-08-31 04:00:00,0,,True
WD-000618,ACC-00424,ATM-028,3149.26,2026-08-14 17:00:00,0,,True
WD-000619,ACC-00959,ATM-047,4635.73,2026-09-09 00:00:00,0,,True
WD-000620,ACC-00369,ATM-164,2753.96,2026-08-23 22:00:00,0,,True
WD-000621,ACC-00158,ATM-174,2398.89,2026-09-06 02:00:00,0,,True
WD-000622,ACC-00518,ATM-017,981.41,2026-08-30 17:00:00,0,,True
WD-000623,ACC-00042,ATM-150,3931.51,2026-08-31 00:00:00,0,,True
WD-000624,ACC-00404,ATM-195,2715.5,2026-08-19 04:00:00,0,,True
WD-000625,ACC-00937,ATM-130,3651.06,2026-09-06 05:00:00,0,,True
WD-000626,ACC-00498,ATM-064,3173.29,2026-08-26 18:00:00,0,,True
WD-000627,ACC-00788,ATM-020,3992.7,2026-09-07 08:00:00,0,,True
WD-000628,ACC-00087,ATM-023,4898.7,2026-09-06 20:00:00,0,,True
WD-000629,ACC-00469,ATM-132,305.62,2026-08-19 01:00:00,0,,True
WD-000630,ACC-00705,ATM-142,2138.05,2026-08-11 13:00:00,0,,True
WD-000631,ACC-00629,ATM-013,3381.09,2026-08-13 10:00:00,0,,True
WD-000632,ACC-00466,ATM-013,4328.47,2026-08-26 03:00:00,0,,True
WD-000633,ACC-00711,ATM-010,4009.89,2026-08-12 05:00:00,0,,True
WD-000634,ACC-00613,ATM-039,1827.36,2026-08-22 17:00:00,0,,True
WD-000635,ACC-00633,ATM-065,3502.78,2026-09-04 17:00:00,0,,True
WD-000636,ACC-00326,ATM-189,4440.17,2026-08-17 09:00:00,0,,True
WD-000637,ACC-00506,ATM-027,946.05,2026-09-05 21:00:00,0,,True
WD-000638,ACC-00969,ATM-100,3767.35,2026-09-03 05:00:00,0,,True
WD-000639,ACC-00571,ATM-117,990.76,2026-09-10 01:00:00,0,,True
WD-000640,ACC-00878,ATM-075,833.3,2026-09-07 00:00:00,0,,True
WD-000641,ACC-00181,ATM-097,3427.72,2026-08-20 04:00:00,0,,True
WD-000642,ACC-00606,ATM-166,1974.25,2026-08-11 06:00:00,0,,True
WD-000643,ACC-00931,ATM-050,3726.19,2026-09-09 14:00:00,0,,True
WD-000644,ACC-00553,ATM-051,1091.55,2026-09-01 03:00:00,0,,True
WD-000645,ACC-00310,ATM-114,4398.32,2026-08-15 12:00:00,0,,True
WD-000646,ACC-00313,ATM-129,4219.03,2026-08-25 20:00:00,0,,True
WD-000647,ACC-00614,ATM-149,4620.0,2026-09-10 04:00:00,0,,True
WD-000648,ACC-00476,ATM-006,4041.75,2026-09-10 01:00:00,0,,True
WD-000649,ACC-00629,ATM-175,1949.86,2026-08-24 15:00:00,0,,True
WD-000650,ACC-00358,ATM-019,3099.18,2026-08-14 02:00:00,0,,True
WD-000651,ACC-00195,ATM-175,2296.16,2026-09-01 17:00:00,0,,True
WD-000652,ACC-00719,ATM-047,2046.58,2026-08-20 15:00:00,0,,True
WD-000653,ACC-00215,ATM-041,4743.38,2026-08-21 13:00:00,0,,True
WD-000654,ACC-00325,ATM-107,1242.54,2026-09-04 22:00:00,0,,True
WD-000655,ACC-00944,ATM-128,2423.41,2026-08-16 07:00:00,0,,True
WD-000656,ACC-00164,ATM-092,2879.47,2026-09-09 23:00:00,0,,True
WD-000657,ACC-00083,ATM-103,1811.52,2026-09-08 08:00:00,0,,True
WD-000658,ACC-00829,ATM-155,755.72,2026-08-21 01:00:00,0,,True
WD-000659,ACC-00587,ATM-186,4644.49,2026-09-05 18:00:00,0,,True
WD-000660,ACC-00293,ATM-030,449.55,2026-08-11 23:00:00,0,,True
WD-000661,ACC-00224,ATM-011,843.01,2026-08-31 02:00:00,0,,True
WD-000662,ACC-00776,ATM-171,3535.54,2026-08-29 05:00:00,0,,True
WD-000663,ACC-00447,ATM-063,2370.03,2026-08-18 08:00:00,0,,True
WD-000664,ACC-00662,ATM-105,944.57,2026-08-21 13:00:00,0,,True
WD-000665,ACC-00304,ATM-171,3843.33,2026-09-05 11:00:00,0,,True
WD-000666,ACC-00442,ATM-097,472.39,2026-08-20 04:00:00,0,,True
WD-000667,ACC-00639,ATM-132,232.63,2026-08-19 19:00:00,0,,True
WD-000668,ACC-00348,ATM-025,1053.21,2026-08-18 09:00:00,0,,True
WD-000669,ACC-00229,ATM-168,2737.72,2026-08-14 11:00:00,0,,True
WD-000670,ACC-00045,ATM-070,2912.09,2026-08-14 05:00:00,0,,True
WD-000671,ACC-00722,ATM-041,414.74,2026-08-21 10:00:00,0,,True
WD-000672,ACC-00182,ATM-039,562.37,2026-08-15 07:00:00,0,,True
WD-000673,ACC-00801,ATM-020,1923.35,2026-08-31 20:00:00,0,,True
WD-000674,ACC-00679,ATM-029,3585.02,2026-08-24 08:00:00,0,,True
WD-000675,ACC-00891,ATM-112,2762.86,2026-08-23 21:00:00,0,,True
WD-000676,ACC-00412,ATM-077,4478.78,2026-09-06 18:00:00,0,,True
WD-000677,ACC-00113,ATM-136,1700.91,2026-08-23 19:00:00,0,,True
WD-000678,ACC-00060,ATM-100,1615.59,2026-09-01 08:00:00,0,,True
WD-000679,ACC-00858,ATM-173,104.7,2026-08-16 00:00:00,0,,True
WD-000680,ACC-00182,ATM-146,4647.54,2026-08-11 21:00:00,0,,True
WD-000681,ACC-00453,ATM-164,2669.65,2026-09-03 02:00:00,0,,True
WD-000682,ACC-00534,ATM-084,3902.1,2026-08-11 00:00:00,0,,True
WD-000683,ACC-00654,ATM-103,1480.67,2026-08-14 00:00:00,0,,True
WD-000684,ACC-00767,ATM-080,3897.85,2026-09-06 17:00:00,0,,True
WD-000685,ACC-00446,ATM-186,733.58,2026-08-31 15:00:00,0,,True
WD-000686,ACC-00185,ATM-029,3091.52,2026-08-18 23:00:00,0,,True
WD-000687,ACC-00829,ATM-038,977.32,2026-09-04 07:00:00,0,,True
WD-000688,ACC-00018,ATM-079,3481.87,2026-09-09 03:00:00,0,,True
WD-000689,ACC-00168,ATM-157,1339.38,2026-09-04 09:00:00,0,,True
WD-000690,ACC-00289,ATM-188,2479.43,2026-08-24 18:00:00,0,,True
WD-000691,ACC-00792,ATM-180,4342.62,2026-09-07 21:00:00,0,,True
WD-000692,ACC-00884,ATM-158,2287.92,2026-08-14 23:00:00,0,,True
WD-000693,ACC-00603,ATM-157,3010.9,2026-08-22 04:00:00,0,,True
WD-000694,ACC-00590,ATM-177,2681.55,2026-08-21 07:00:00,0,,True
WD-000695,ACC-00527,ATM-179,1075.9,2026-08-17 19:00:00,0,,True
WD-000696,ACC-00021,ATM-015,1174.77,2026-08-27 23:00:00,0,,True
WD-000697,ACC-00420,ATM-006,3713.75,2026-08-18 07:00:00,0,,True
WD-000698,ACC-00724,ATM-001,405.7,2026-08-30 06:00:00,0,,True
WD-000699,ACC-00766,ATM-042,2742.28,2026-09-03 19:00:00,0,,True
WD-000700,ACC-00406,ATM-049,4377.54,2026-09-10 02:00:00,0,,True
WD-000701,ACC-00647,ATM-012,1700.52,2026-09-05 04:00:00,0,,True
WD-000702,ACC-00251,ATM-136,4505.81,2026-08-23 14:00:00,0,,True
WD-000703,ACC-00002,ATM-091,2810.44,2026-09-04 23:00:00,0,,True
WD-000704,ACC-00863,ATM-158,937.49,2026-08-16 18:00:00,0,,True
WD-000705,ACC-00786,ATM-157,405.99,2026-08-27 00:00:00,0,,True
WD-000706,ACC-00547,ATM-179,2217.76,2026-08-14 22:00:00,0,,True
WD-000707,ACC-00775,ATM-112,4674.46,2026-08-14 05:00:00,0,,True
WD-000708,ACC-00182,ATM-143,4965.42,2026-09-03 20:00:00,0,,True
WD-000709,ACC-00625,ATM-099,3398.56,2026-08-13 06:00:00,0,,True
WD-000710,ACC-00220,ATM-124,2096.79,2026-08-18 10:00:00,0,,True
WD-000711,ACC-00518,ATM-087,3211.5,2026-08-12 16:00:00,0,,True
WD-000712,ACC-00987,ATM-139,4573.95,2026-08-17 00:00:00,0,,True
WD-000713,ACC-00182,ATM-102,2328.89,2026-09-02 23:00:00,0,,True
WD-000714,ACC-00566,ATM-079,4829.15,2026-09-07 12:00:00,0,,True
WD-000715,ACC-00997,ATM-020,1030.37,2026-08-19 20:00:00,0,,True
WD-000716,ACC-00811,ATM-041,1085.51,2026-09-02 14:00:00,0,,True
WD-000717,ACC-00624,ATM-040,585.83,2026-08-23 20:00:00,0,,True
WD-000718,ACC-00749,ATM-058,1811.71,2026-09-04 22:00:00,0,,True
WD-000719,ACC-00755,ATM-154,3668.78,2026-09-07 20:00:00,0,,True
WD-000720,ACC-00489,ATM-084,3570.41,2026-08-16 13:00:00,0,,True
WD-000721,ACC-00964,ATM-180,196.95,2026-08-10 21:00:00,0,,True
WD-000722,ACC-00505,ATM-099,565.36,2026-09-08 23:00:00,0,,True
WD-000723,ACC-00774,ATM-162,3644.42,2026-08-14 18:00:00,0,,True
WD-000724,ACC-00172,ATM-002,3210.54,2026-08-11 19:00:00,0,,True
WD-000725,ACC-00536,ATM-026,4295.87,2026-08-15 04:00:00,0,,True
WD-000726,ACC-00254,ATM-198,467.8,2026-09-05 22:00:00,0,,True
WD-000727,ACC-00622,ATM-114,4786.96,2026-09-06 22:00:00,0,,True
WD-000728,ACC-00941,ATM-129,3504.49,2026-08-29 18:00:00,0,,True
WD-000729,ACC-00430,ATM-149,4280.82,2026-08-21 05:00:00,0,,True
WD-000730,ACC-00555,ATM-178,1564.65,2026-08-19 21:00:00,0,,True
WD-000731,ACC-00183,ATM-189,3410.23,2026-08-18 13:00:00,0,,True
WD-000732,ACC-00155,ATM-180,2014.87,2026-08-29 14:00:00,0,,True
WD-000733,ACC-00977,ATM-103,2715.95,2026-08-17 07:00:00,0,,True
WD-000734,ACC-00627,ATM-091,2916.26,2026-09-07 08:00:00,0,,True
WD-000735,ACC-00332,ATM-115,1100.29,2026-08-21 20:00:00,0,,True
WD-000736,ACC-00608,ATM-145,4466.43,2026-09-05 02:00:00,0,,True
WD-000737,ACC-00334,ATM-058,3051.49,2026-08-19 23:00:00,0,,True
WD-000738,ACC-00644,ATM-163,144.26,2026-08-26 13:00:00,0,,True
WD-000739,ACC-00306,ATM-035,2938.72,2026-08-22 12:00:00,0,,True
WD-000740,ACC-00456,ATM-069,3174.27,2026-09-05 17:00:00,0,,True
WD-000741,ACC-00422,ATM-109,2992.3,2026-09-01 10:00:00,0,,True
WD-000742,ACC-00783,ATM-113,2913.06,2026-08-28 21:00:00,0,,True
WD-000743,ACC-00023,ATM-144,118.85,2026-08-15 17:00:00,0,,True
WD-000744,ACC-00469,ATM-079,3461.41,2026-08-26 04:00:00,0,,True
WD-000745,ACC-00573,ATM-091,3459.36,2026-08-13 18:00:00,0,,True
WD-000746,ACC-00292,ATM-104,1451.42,2026-08-10 20:00:00,0,,True
WD-000747,ACC-00199,ATM-156,4029.72,2026-08-14 03:00:00,0,,True
WD-000748,ACC-00116,ATM-106,2364.01,2026-08-31 22:00:00,0,,True
WD-000749,ACC-00532,ATM-162,1782.48,2026-08-28 13:00:00,0,,True
WD-000750,ACC-00596,ATM-138,4061.29,2026-09-07 00:00:00,0,,True
WD-000751,ACC-00300,ATM-199,2962.97,2026-09-10 04:00:00,0,,True
WD-000752,ACC-00297,ATM-081,148.39,2026-08-22 07:00:00,0,,True
WD-000753,ACC-00679,ATM-164,2622.37,2026-08-29 12:00:00,0,,True
WD-000754,ACC-00335,ATM-044,679.51,2026-08-13 11:00:00,0,,True
WD-000755,ACC-00168,ATM-103,783.75,2026-08-27 11:00:00,0,,True
WD-000756,ACC-00407,ATM-103,1520.4,2026-08-22 11:00:00,0,,True
WD-000757,ACC-00019,ATM-140,977.79,2026-08-24 04:00:00,0,,True
WD-000758,ACC-00368,ATM-134,611.44,2026-09-03 12:00:00,0,,True
WD-000759,ACC-00570,ATM-139,2908.36,2026-09-03 15:00:00,0,,True
WD-000760,ACC-00824,ATM-011,1716.41,2026-08-31 15:00:00,0,,True
WD-000761,ACC-00835,ATM-139,2800.22,2026-08-21 17:00:00,0,,True
WD-000762,ACC-00755,ATM-122,1383.37,2026-08-13 13:00:00,0,,True
WD-000763,ACC-00109,ATM-142,1803.4,2026-08-14 05:00:00,0,,True
WD-000764,ACC-00015,ATM-039,4634.73,2026-08-27 01:00:00,0,,True
WD-000765,ACC-00938,ATM-004,331.49,2026-09-04 11:00:00,0,,True
WD-000766,ACC-00696,ATM-089,3629.0,2026-08-16 15:00:00,0,,True
WD-000767,ACC-00413,ATM-027,3001.65,2026-08-13 17:00:00,0,,True
WD-000768,ACC-00365,ATM-166,1096.2,2026-08-12 01:00:00,0,,True
WD-000769,ACC-00397,ATM-075,575.75,2026-09-01 18:00:00,0,,True
WD-000770,ACC-00197,ATM-113,4895.86,2026-08-20 03:00:00,0,,True
WD-000771,ACC-00443,ATM-115,2890.46,2026-08-24 21:00:00,0,,True
WD-000772,ACC-00936,ATM-185,4570.1,2026-08-21 09:00:00,0,,True
WD-000773,ACC-00544,ATM-121,893.78,2026-08-12 16:00:00,0,,True
WD-000774,ACC-00823,ATM-009,253.03,2026-08-21 06:00:00,0,,True
WD-000775,ACC-00438,ATM-096,4453.92,2026-09-07 11:00:00,0,,True
WD-000776,ACC-00237,ATM-070,4602.78,2026-09-01 04:00:00,0,,True
WD-000777,ACC-00135,ATM-154,3017.0,2026-09-09 00:00:00,0,,True
WD-000778,ACC-00496,ATM-071,3359.8,2026-08-10 23:00:00,0,,True
WD-000779,ACC-00573,ATM-103,4110.65,2026-08-30 07:00:00,0,,True
WD-000780,ACC-00309,ATM-010,1951.37,2026-08-16 08:00:00,0,,True
WD-000781,ACC-00120,ATM-083,4559.79,2026-08-21 17:00:00,0,,True
WD-000782,ACC-00447,ATM-123,770.94,2026-08-11 23:00:00,0,,True
WD-000783,ACC-00787,ATM-046,1002.76,2026-08-14 07:00:00,0,,True
WD-000784,ACC-00128,ATM-156,138.78,2026-09-03 06:00:00,0,,True
WD-000785,ACC-00955,ATM-163,3272.83,2026-08-31 22:00:00,0,,True
WD-000786,ACC-00813,ATM-008,1367.24,2026-08-31 21:00:00,0,,True
WD-000787,ACC-00923,ATM-100,1587.51,2026-08-31 15:00:00,0,,True
WD-000788,ACC-00805,ATM-084,1924.59,2026-09-02 17:00:00,0,,True
WD-000789,ACC-00448,ATM-084,936.54,2026-08-14 05:00:00,0,,True
WD-000790,ACC-00548,ATM-058,1631.45,2026-08-26 10:00:00,0,,True
WD-000791,ACC-00993,ATM-036,1508.6,2026-08-18 01:00:00,0,,True
WD-000792,ACC-00224,ATM-027,914.5,2026-08-14 17:00:00,0,,True
WD-000793,ACC-00058,ATM-001,3731.01,2026-08-29 08:00:00,0,,True
WD-000794,ACC-00675,ATM-048,4737.87,2026-08-12 10:00:00,0,,True
WD-000795,ACC-00952,ATM-184,3917.75,2026-09-02 16:00:00,0,,True
WD-000796,ACC-00147,ATM-163,4852.56,2026-08-26 07:00:00,0,,True
WD-000797,ACC-00436,ATM-198,1426.43,2026-08-20 19:00:00,0,,True
WD-000798,ACC-00750,ATM-064,3125.68,2026-08-24 02:00:00,0,,True
WD-000799,ACC-00730,ATM-173,1674.02,2026-08-31 07:00:00,0,,True
WD-000800,ACC-00186,ATM-150,3376.11,2026-09-04 15:00:00,0,,True
WD-000801,ACC-00862,ATM-089,785.72,2026-08-14 02:00:00,0,,True
WD-000802,ACC-00104,ATM-104,666.72,2026-08-25 02:00:00,0,,True
WD-000803,ACC-00501,ATM-095,3113.24,2026-08-27 10:00:00,0,,True
WD-000804,ACC-00057,ATM-087,4589.56,2026-08-24 16:00:00,0,,True
WD-000805,ACC-00049,ATM-093,1611.72,2026-09-08 04:00:00,0,,True
WD-000806,ACC-00459,ATM-117,1605.56,2026-08-26 05:00:00,0,,True
WD-000807,ACC-00784,ATM-094,3229.28,2026-08-30 08:00:00,0,,True
WD-000808,ACC-00305,ATM-113,4381.84,2026-08-17 13:00:00,0,,True
WD-000809,ACC-00874,ATM-188,1549.4,2026-08-14 22:00:00,0,,True
WD-000810,ACC-00122,ATM-092,2944.85,2026-08-18 18:00:00,0,,True
WD-000811,ACC-00471,ATM-052,1373.79,2026-08-13 17:00:00,0,,True
WD-000812,ACC-00209,ATM-010,1733.51,2026-08-25 20:00:00,0,,True
WD-000813,ACC-00548,ATM-008,1189.0,2026-09-06 20:00:00,0,,True
WD-000814,ACC-00223,ATM-108,507.41,2026-08-16 10:00:00,0,,True
WD-000815,ACC-00705,ATM-052,1274.27,2026-08-20 20:00:00,0,,True
WD-000816,ACC-00941,ATM-154,4903.97,2026-08-28 11:00:00,0,,True
WD-000817,ACC-00526,ATM-122,2579.54,2026-08-13 07:00:00,0,,True
WD-000818,ACC-00832,ATM-143,434.76,2026-08-16 07:00:00,0,,True
WD-000819,ACC-00492,ATM-140,2428.57,2026-09-10 03:00:00,0,,True
WD-000820,ACC-00848,ATM-143,2230.5,2026-08-30 15:00:00,0,,True
WD-000821,ACC-00065,ATM-081,989.54,2026-08-26 14:00:00,0,,True
WD-000822,ACC-00314,ATM-105,1700.9,2026-08-20 06:00:00,0,,True
WD-000823,ACC-00949,ATM-084,3671.8,2026-08-25 20:00:00,0,,True
WD-000824,ACC-00052,ATM-026,2608.23,2026-08-14 09:00:00,0,,True
WD-000825,ACC-00365,ATM-109,3459.24,2026-09-04 03:00:00,0,,True
WD-000826,ACC-00286,ATM-098,2533.16,2026-08-17 21:00:00,0,,True
WD-000827,ACC-00454,ATM-191,1956.61,2026-09-04 18:00:00,0,,True
WD-000828,ACC-00829,ATM-102,2985.37,2026-09-08 03:00:00,0,,True
WD-000829,ACC-00230,ATM-054,4086.8,2026-09-05 18:00:00,0,,True
WD-000830,ACC-00620,ATM-148,1359.07,2026-08-28 16:00:00,0,,True
WD-000831,ACC-00813,ATM-111,1383.77,2026-08-13 02:00:00,0,,True
WD-000832,ACC-00054,ATM-157,2978.96,2026-08-23 12:00:00,0,,True
WD-000833,ACC-00707,ATM-010,649.61,2026-08-23 17:00:00,0,,True
WD-000834,ACC-00568,ATM-088,2450.48,2026-08-23 12:00:00,0,,True
WD-000835,ACC-00545,ATM-060,4180.04,2026-08-19 14:00:00,0,,True
WD-000836,ACC-00349,ATM-042,566.48,2026-09-07 19:00:00,0,,True
WD-000837,ACC-00609,ATM-105,3351.5,2026-09-01 03:00:00,0,,True
WD-000838,ACC-00175,ATM-167,1544.56,2026-09-01 13:00:00,0,,True
WD-000839,ACC-00961,ATM-132,3904.75,2026-08-31 17:00:00,0,,True
WD-000840,ACC-00770,ATM-172,3113.85,2026-08-26 18:00:00,0,,True
WD-000841,ACC-00380,ATM-113,936.41,2026-08-12 01:00:00,0,,True
WD-000842,ACC-00844,ATM-199,4460.18,2026-08-30 16:00:00,0,,True
WD-000843,ACC-00728,ATM-147,1807.79,2026-08-25 08:00:00,0,,True
WD-000844,ACC-00969,ATM-133,3735.3,2026-08-14 18:00:00,0,,True
WD-000845,ACC-00053,ATM-046,802.95,2026-08-26 13:00:00,0,,True
WD-000846,ACC-00598,ATM-119,3682.53,2026-08-21 15:00:00,0,,True
WD-000847,ACC-00919,ATM-170,4244.07,2026-08-15 10:00:00,0,,True
WD-000848,ACC-00840,ATM-036,1566.27,2026-08-24 06:00:00,0,,True
WD-000849,ACC-00655,ATM-156,4545.79,2026-08-27 10:00:00,0,,True
WD-000850,ACC-00474,ATM-004,4638.53,2026-08-16 18:00:00,0,,True
WD-000851,ACC-00542,ATM-077,4587.93,2026-09-02 02:00:00,0,,True
WD-000852,ACC-00831,ATM-026,3970.55,2026-08-16 06:00:00,0,,True
WD-000853,ACC-00436,ATM-128,3826.69,2026-09-04 20:00:00,0,,True
WD-000854,ACC-00401,ATM-134,613.57,2026-09-04 13:00:00,0,,True
WD-000855,ACC-00223,ATM-164,245.46,2026-08-24 20:00:00,0,,True
WD-000856,ACC-00350,ATM-193,2228.65,2026-08-24 09:00:00,0,,True
WD-000857,ACC-00794,ATM-021,2932.8,2026-08-21 21:00:00,0,,True
WD-000858,ACC-00855,ATM-138,490.95,2026-08-11 02:00:00,0,,True
WD-000859,ACC-00591,ATM-003,4448.79,2026-09-09 13:00:00,0,,True
WD-000860,ACC-00815,ATM-159,3317.79,2026-08-13 13:00:00,0,,True
WD-000861,ACC-00587,ATM-162,4245.02,2026-08-15 09:00:00,0,,True
WD-000862,ACC-00456,ATM-120,2927.75,2026-08-30 02:00:00,0,,True
WD-000863,ACC-00152,ATM-144,4321.07,2026-08-11 23:00:00,0,,True
WD-000864,ACC-00600,ATM-054,1182.95,2026-08-16 01:00:00,0,,True
WD-000865,ACC-00092,ATM-161,4162.39,2026-08-30 13:00:00,0,,True
WD-000866,ACC-00517,ATM-138,3779.2,2026-08-16 13:00:00,0,,True
WD-000867,ACC-00476,ATM-192,158.25,2026-08-14 15:00:00,0,,True
WD-000868,ACC-00327,ATM-050,720.03,2026-08-29 12:00:00,0,,True
WD-000869,ACC-00765,ATM-191,695.54,2026-08-23 05:00:00,0,,True
WD-000870,ACC-00807,ATM-150,491.12,2026-09-02 19:00:00,0,,True
WD-000871,ACC-00129,ATM-147,4925.32,2026-09-01 08:00:00,0,,True
WD-000872,ACC-00662,ATM-081,1812.85,2026-09-02 13:00:00,0,,True
WD-000873,ACC-00437,ATM-011,2912.44,2026-08-18 20:00:00,0,,True
WD-000874,ACC-00336,ATM-137,4008.25,2026-08-13 20:00:00,0,,True
WD-000875,ACC-00735,ATM-032,309.31,2026-08-31 11:00:00,0,,True
WD-000876,ACC-00901,ATM-035,1566.75,2026-08-18 22:00:00,0,,True
WD-000877,ACC-00212,ATM-103,441.43,2026-08-30 14:00:00,0,,True
WD-000878,ACC-00815,ATM-136,2531.33,2026-08-29 00:00:00,0,,True
WD-000879,ACC-00144,ATM-113,486.44,2026-08-19 01:00:00,0,,True
WD-000880,ACC-00522,ATM-185,3037.96,2026-08-23 05:00:00,0,,True
WD-000881,ACC-00215,ATM-091,1285.77,2026-08-22 11:00:00,0,,True
WD-000882,ACC-00722,ATM-002,3170.49,2026-08-24 02:00:00,0,,True
WD-000883,ACC-00999,ATM-193,4223.62,2026-08-28 10:00:00,0,,True
WD-000884,ACC-00376,ATM-163,4782.57,2026-08-26 15:00:00,0,,True
WD-000885,ACC-00253,ATM-023,3288.24,2026-08-14 00:00:00,0,,True
WD-000886,ACC-00841,ATM-097,1273.1,2026-08-25 18:00:00,0,,True
WD-000887,ACC-00191,ATM-092,1798.92,2026-08-13 09:00:00,0,,True
WD-000888,ACC-00104,ATM-098,1521.87,2026-08-28 15:00:00,0,,True
WD-000889,ACC-00629,ATM-011,3334.12,2026-08-14 20:00:00,0,,True
WD-000890,ACC-00933,ATM-062,2410.53,2026-09-04 22:00:00,0,,True
WD-000891,ACC-00029,ATM-041,2769.04,2026-08-27 16:00:00,0,,True
WD-000892,ACC-00388,ATM-105,122.96,2026-08-12 05:00:00,0,,True
WD-000893,ACC-00303,ATM-046,2654.08,2026-08-29 04:00:00,0,,True
WD-000894,ACC-00263,ATM-018,4103.3,2026-08-19 23:00:00,0,,True
WD-000895,ACC-00079,ATM-009,4477.18,2026-08-21 14:00:00,0,,True
WD-000896,ACC-00473,ATM-083,3209.57,2026-09-04 02:00:00,0,,True
WD-000897,ACC-00549,ATM-163,4603.33,2026-08-28 04:00:00,0,,True
WD-000898,ACC-00044,ATM-096,4820.34,2026-09-09 06:00:00,0,,True
WD-000899,ACC-00686,ATM-144,2779.63,2026-09-05 21:00:00,0,,True
WD-000900,ACC-00220,ATM-003,1393.89,2026-08-25 23:00:00,0,,True
WD-000901,ACC-00214,ATM-109,758.17,2026-08-13 20:00:00,0,,True
WD-000902,ACC-00894,ATM-027,1390.16,2026-09-01 15:00:00,0,,True
WD-000903,ACC-00278,ATM-117,668.69,2026-08-16 18:00:00,0,,True
WD-000904,ACC-00236,ATM-152,1653.24,2026-09-04 12:00:00,0,,True
WD-000905,ACC-00590,ATM-106,2918.15,2026-09-08 23:00:00,0,,True
WD-000906,ACC-00508,ATM-103,1374.63,2026-08-16 15:00:00,0,,True
WD-000907,ACC-00881,ATM-156,3170.81,2026-08-19 12:00:00,0,,True
WD-000908,ACC-00584,ATM-045,948.35,2026-08-24 04:00:00,0,,True
WD-000909,ACC-00962,ATM-158,2594.82,2026-08-17 04:00:00,0,,True
WD-000910,ACC-00893,ATM-082,3796.55,2026-08-30 09:00:00,0,,True
WD-000911,ACC-00877,ATM-181,1261.93,2026-08-15 02:00:00,0,,True
WD-000912,ACC-00551,ATM-192,4474.51,2026-09-05 21:00:00,0,,True
WD-000913,ACC-00127,ATM-117,1402.82,2026-09-04 12:00:00,0,,True
WD-000914,ACC-00658,ATM-109,4049.62,2026-08-10 19:00:00,0,,True
WD-000915,ACC-00123,ATM-028,3812.04,2026-08-15 04:00:00,0,,True
WD-000916,ACC-00795,ATM-185,3851.77,2026-09-09 06:00:00,0,,True
WD-000917,ACC-00313,ATM-054,2994.17,2026-08-16 20:00:00,0,,True
WD-000918,ACC-00923,ATM-017,2585.56,2026-09-03 19:00:00,0,,True
WD-000919,ACC-00482,ATM-114,3294.31,2026-08-29 20:00:00,0,,True
WD-000920,ACC-00228,ATM-188,1246.78,2026-08-29 03:00:00,0,,True
WD-000921,ACC-00780,ATM-122,2302.58,2026-08-15 04:00:00,0,,True
WD-000922,ACC-00097,ATM-060,3615.55,2026-08-22 12:00:00,0,,True
WD-000923,ACC-00638,ATM-029,4716.19,2026-08-30 06:00:00,0,,True
WD-000924,ACC-00525,ATM-164,4379.4,2026-09-10 07:00:00,0,,True
WD-000925,ACC-00559,ATM-033,2039.9,2026-08-30 04:00:00,0,,True
WD-000926,ACC-00807,ATM-043,4852.45,2026-08-12 04:00:00,0,,True
WD-000927,ACC-00070,ATM-168,4252.17,2026-08-14 05:00:00,0,,True
WD-000928,ACC-00916,ATM-022,3094.94,2026-08-17 16:00:00,0,,True
WD-000929,ACC-00365,ATM-116,2362.94,2026-09-10 04:00:00,0,,True
WD-000930,ACC-00777,ATM-072,424.8,2026-09-08 14:00:00,0,,True
WD-000931,ACC-00707,ATM-127,3478.39,2026-08-14 14:00:00,0,,True
WD-000932,ACC-00279,ATM-026,2868.63,2026-09-05 04:00:00,0,,True
WD-000933,ACC-00381,ATM-200,1276.97,2026-08-23 16:00:00,0,,True
WD-000934,ACC-00078,ATM-016,3144.78,2026-08-18 17:00:00,0,,True
WD-000935,ACC-00317,ATM-026,4778.28,2026-08-12 08:00:00,0,,True
WD-000936,ACC-00148,ATM-193,1457.53,2026-08-10 22:00:00,0,,True
WD-000937,ACC-00029,ATM-151,3677.93,2026-08-23 21:00:00,0,,True
WD-000938,ACC-00155,ATM-191,2009.9,2026-09-01 18:00:00,0,,True
WD-000939,ACC-00417,ATM-053,998.33,2026-08-30 10:00:00,0,,True
WD-000940,ACC-00508,ATM-077,3987.91,2026-09-05 03:00:00,0,,True
WD-000941,ACC-00015,ATM-068,4178.67,2026-08-18 16:00:00,0,,True
WD-000942,ACC-00690,ATM-055,944.72,2026-09-07 09:00:00,0,,True
WD-000943,ACC-00547,ATM-160,352.93,2026-09-04 03:00:00,0,,True
WD-000944,ACC-00392,ATM-135,2214.94,2026-08-19 00:00:00,0,,True
WD-000945,ACC-00221,ATM-013,2426.97,2026-09-05 19:00:00,0,,True
WD-000946,ACC-00409,ATM-115,3502.85,2026-09-05 11:00:00,0,,True
WD-000947,ACC-00957,ATM-039,3917.28,2026-09-08 17:00:00,0,,True
WD-000948,ACC-00344,ATM-200,3982.87,2026-08-28 23:00:00,0,,True
WD-000949,ACC-00739,ATM-035,443.38,2026-08-30 06:00:00,0,,True
WD-000950,ACC-00420,ATM-140,2958.62,2026-09-10 02:00:00,0,,True
WD-000951,ACC-00477,ATM-122,3064.08,2026-09-10 11:00:00,0,,True
WD-000952,ACC-00099,ATM-127,1292.64,2026-08-30 18:00:00,0,,True
WD-000953,ACC-00989,ATM-004,227.38,2026-08-27 06:00:00,0,,True
WD-000954,ACC-00631,ATM-119,538.43,2026-08-17 11:00:00,0,,True
WD-000955,ACC-00671,ATM-116,941.16,2026-09-08 09:00:00,0,,True
WD-000956,ACC-00210,ATM-139,4083.68,2026-08-23 11:00:00,0,,True
WD-000957,ACC-00762,ATM-131,2415.81,2026-09-07 16:00:00,0,,True
WD-000958,ACC-00400,ATM-127,798.42,2026-09-07 12:00:00,0,,True
WD-000959,ACC-00824,ATM-065,1649.45,2026-08-11 14:00:00,0,,True
WD-000960,ACC-00793,ATM-072,3743.06,2026-08-16 09:00:00,0,,True
WD-000961,ACC-00508,ATM-029,2890.45,2026-08-24 10:00:00,0,,True
WD-000962,ACC-00486,ATM-002,2328.46,2026-09-01 05:00:00,0,,True
WD-000963,ACC-00417,ATM-014,4917.93,2026-09-06 05:00:00,0,,True
WD-000964,ACC-00778,ATM-078,1536.37,2026-08-16 08:00:00,0,,True
WD-000965,ACC-00189,ATM-093,806.7,2026-08-21 00:00:00,0,,True
WD-000966,ACC-00016,ATM-037,1777.37,2026-09-03 18:00:00,0,,True
WD-000967,ACC-00277,ATM-194,503.18,2026-08-10 13:00:00,0,,True
WD-000968,ACC-00936,ATM-171,3679.08,2026-08-23 04:00:00,0,,True
WD-000969,ACC-00313,ATM-190,4134.13,2026-08-15 21:00:00,0,,True
WD-000970,ACC-00905,ATM-047,1941.56,2026-09-10 06:00:00,0,,True
WD-000971,ACC-00691,ATM-047,2161.26,2026-08-21 01:00:00,0,,True
WD-000972,ACC-00324,ATM-025,1200.78,2026-09-05 21:00:00,0,,True
WD-000973,ACC-00419,ATM-021,3292.57,2026-08-22 03:00:00,0,,True
WD-000974,ACC-00738,ATM-143,218.12,2026-08-20 08:00:00,0,,True
WD-000975,ACC-00277,ATM-089,4153.09,2026-08-29 18:00:00,0,,True
WD-000976,ACC-00554,ATM-090,648.54,2026-09-09 08:00:00,0,,True
WD-000977,ACC-00109,ATM-028,2917.37,2026-09-07 02:00:00,0,,True
WD-000978,ACC-00979,ATM-138,2949.07,2026-08-15 10:00:00,0,,True
WD-000979,ACC-00175,ATM-111,2748.41,2026-08-28 14:00:00,0,,True
WD-000980,ACC-00293,ATM-188,3072.59,2026-08-23 23:00:00,0,,True
WD-000981,ACC-00262,ATM-123,2824.41,2026-08-15 20:00:00,0,,True
WD-000982,ACC-00691,ATM-108,721.82,2026-08-27 00:00:00,0,,True
WD-000983,ACC-00061,ATM-003,2550.98,2026-09-02 03:00:00,0,,True
WD-000984,ACC-00468,ATM-067,215.81,2026-08-18 05:00:00,0,,True
WD-000985,ACC-00449,ATM-169,2831.7,2026-09-07 18:00:00,0,,True
WD-000986,ACC-00113,ATM-147,259.39,2026-08-31 17:00:00,0,,True
WD-000987,ACC-00867,ATM-146,740.08,2026-08-28 03:00:00,0,,True
WD-000988,ACC-00045,ATM-013,2077.95,2026-08-17 13:00:00,0,,True
WD-000989,ACC-00783,ATM-136,4673.12,2026-08-17 06:00:00,0,,True
WD-000990,ACC-00403,ATM-156,4813.54,2026-08-21 08:00:00,0,,True
WD-000991,ACC-00854,ATM-051,3948.57,2026-09-03 04:00:00,0,,True
WD-000992,ACC-00554,ATM-069,2598.32,2026-09-01 22:00:00,0,,True
WD-000993,ACC-00968,ATM-011,2570.43,2026-09-07 05:00:00,0,,True
WD-000994,ACC-00588,ATM-136,2110.07,2026-09-01 23:00:00,0,,True
WD-000995,ACC-00192,ATM-038,3600.64,2026-09-10 07:00:00,0,,True
WD-000996,ACC-00068,ATM-043,1076.58,2026-08-17 21:00:00,0,,True
WD-000997,ACC-00703,ATM-191,827.08,2026-09-10 01:00:00,0,,True
WD-000998,ACC-00925,ATM-085,107.3,2026-09-04 06:00:00,0,,True
WD-000999,ACC-00003,ATM-016,201.04,2026-08-23 20:00:00,0,,True
WD-001000,ACC-00386,ATM-064,3987.07,2026-08-17 14:00:00,0,,True
WD-001001,ACC-09999,ATM-184,100000.0,2026-09-12 20:30:00,1,C10231,True
WD-001002,ACC-08888,ATM-050,20000.0,2026-09-11 11:15:00,1,C10222,True
